group_code,food_group,cod_item,food_description
01,Cereais,6902901,CUSCUZ
01,Cereais,6304201,PIPOCA  LIGHT
01,Cereais,8501202,PIPOCA DOCE OU SALGADA
01,Cereais,6300101,"ARROZ (POLIDO, PARBOILIZADO, AGULHA, AGULHINHA, ETC)"
01,Cereais,6300113,ARROZ BRANCO
01,Cereais,8579027,ARROZ COM LEGUMES
01,Cereais,8579004,ARROZ DE LEITE
01,Cereais,8501402,MILHO COZIDO
01,Cereais,8505401,ARROZ A GREGA
01,Cereais,8579003,MARIA ISABEL
01,Cereais,6905101,PAMONHA
01,Cereais,8500218,POLENTA
01,Cereais,8502701,RISOTO
01,Cereais,8504201,SUSHI
01,Cereais,8579038,ARROZ COM FRANGO / ARROZ COM CAPOTE
01,Cereais,8579034,ARROZ COM SALSICHA / LINGUICA
01,Cereais,6300706,CANJIQUINHA DE MILHO EM GRAO
01,Cereais,7700401,MILHO VERDE EM CONSERVA
01,Cereais,8579002,ARROZ CARRETEIRO / ARROZ TROPEIRO
01,Cereais,6300201,ARROZ INTEGRAL
01,Cereais,8500217,ANGU DE MILHO
01,Cereais,8579030,ARROZ COM LINGUICA
01,Cereais,8579006,ARROZ COM OVO
01,Cereais,8579054,BOLINHO DE ARROZ
01,Cereais,6500603,FARINHA DE MILHO
01,Cereais,6304901,QUINOA
01,Cereais,8505202,CHARUTO DE REPOLHO COM CARNE BOVINA
01,Cereais,8505806,CUSCUZ MARROQUINO
01,Cereais,6500802,VITAMILHO
01,Cereais,6300707,XEREM DE MILHO
01,Cereais,6500804,CREME DE MILHO
01,Cereais,8507401,ARROZ DE CUXA
01,Cereais,8579245,RISOTO DE CAMARAO
01,Cereais,8579035,ARROZ DE BROCOLIS / COUVE
01,Cereais,8579033,ARROZ COM PEQUI
01,Cereais,8579037,ARROZ DE FORNO
01,Cereais,6303501,QUIRERA
01,Cereais,8511502,SALADA DE TRIGO
01,Cereais,8579024,ARROZ COM FRANGO E PEQUI
01,Cereais,8579025,ARROZ COM FRUTOS DO MAR / ARROZ COM PEIXE
01,Cereais,8579091,CANJIQUINHA DE MILHO COM COSTELINHA DE PORCO
01,Cereais,8511501,TABULE
01,Cereais,8500215,ANGU FRITO
01,Cereais,8579019,ARROZ AO MOLHO PARDO / ARROZ DE CABIDELA
01,Cereais,8579029,ARROZ COM LENTILHA
01,Cereais,8579031,ARROZ COM MACARRAO / ALETRIA / ALITRIA / CABELO DE A
01,Cereais,8579162,HOT FILADELFIA
01,Cereais,8579248,RISOTO DE LEGUMES
01,Cereais,8579280,TEMAKI
01,Cereais,6300212,ARROZ 7 GRAOS
01,Cereais,8579005,ARROZ COM MANDIOCA
01,Cereais,8505203,CHARUTO DE REPOLHO COM FRANGO
01,Cereais,8505201,CHARUTO DE REPOLHO PRONTO
01,Cereais,6573244,"MASSA, ARROZ (TIPO BIFUM)"
01,Cereais,8579247,RISOTO DE FUNGUI  (FUNGHI)
01,Cereais,8579036,ARROZ DE COCO
01,Cereais,7701501,MILHO VERDE COM ERVILHA EM CONSERVA
01,Cereais,8579022,ARROZ CAIPIRA
01,Cereais,8579246,RISOTO DE FRUTOS DO MAR
01,Cereais,6300901,TRIGO EM GRAO
01,Cereais,8579039,ARROZ PIAMONTESE
01,Cereais,8579023,ARROZ CHOP SUEY
01,Cereais,6300211,ARROZ 3 GRAOS
01,Cereais,8510701,SALADA DE ARROZ
01,Cereais,8579032,ARROZ COM NOZES / CASTANHA / BARU
02,Leguminosas,6303102,"FEIJAO (PRETO, MULATINHO, ROXO, ROSINHA, ETC)"
02,Leguminosas,8570107,ARROZ COM FEIJAO
02,Leguminosas,6301603,FEIJAO DE CORDA
02,Leguminosas,8506101,FEIJAO TROPEIRO
02,Leguminosas,6301634,FEIJAO VERDE
02,Leguminosas,6302801,GRAO DE BICO
02,Leguminosas,6302901,LENTILHA
02,Leguminosas,8503501,BAIAO DE DOIS
02,Leguminosas,6503605,CARNE DE SOJA
02,Leguminosas,7701901,FEIJOADA
02,Leguminosas,8579286,VIRADO
02,Leguminosas,8581901,FEIJAO COM CARNES
02,Leguminosas,8581903,FEIJAO COM LINGUICA
02,Leguminosas,6502501,FIBRA DE SOJA
02,Leguminosas,6505601,PROTEINA DE SOJA
02,Leguminosas,6505603,PROTEINA VEGETAL
02,Leguminosas,6303001,SOJA EM GRAO
02,Leguminosas,8507001,TUTU
02,Leguminosas,6301201,FAVA EM GRAO
02,Leguminosas,8507201,MANICOBA
02,Leguminosas,8581902,FEIJAO COM BACON
02,Leguminosas,8579133,DOBRADINHA COM FEIJAO BRANCO
02,Leguminosas,6503601,BIFE VEGETAL
02,Leguminosas,7702102,PUCHERO
02,Leguminosas,8505501,ARRUMADINHO
02,Leguminosas,7700201,ERVILHA EM CONSERVA
02,Leguminosas,6301101,ERVILHA EM GRAO
02,Leguminosas,8581904,FEIJOADA DE FRUTOS DO MAR
02,Leguminosas,8579173,LENTILHA COM BACON
02,Leguminosas,8579174,LENTILHA COM LINGUICA
02,Leguminosas,8503502,RUBACAO
02,Leguminosas,8511003,SALADA DE GRAO-DE-BICO
02,Leguminosas,6705501,ERVILHA EM VAGEM
02,Leguminosas,6302602,ANDU
02,Leguminosas,8503208,MOCOTO BOVINO COM FEIJAO BRANCO
02,Leguminosas,8511001,SALADA DE FEIJAO FRADINHO
02,Leguminosas,8511301,SALADA DE LENTILHAS
02,Leguminosas,8581603,STROGONOFF / ESTROGONOFE DE CARNE DE SOJA
02,Leguminosas,7903402,TOFU
02,Leguminosas,8505503,ARRUMADINHO DE CARNE SECA
02,Leguminosas,7702001,FEIJAO BRANCO COM DOBRADINHA EM CONSERVA
02,Leguminosas,8581905,FEIJOADA VEGETARIANA
02,Leguminosas,7700202,PETIT POIS
02,Leguminosas,6503603,CARNE VEGETAL
02,Leguminosas,6301214,MANGALO
03,Verduras,8511401,SALADA DE TOMATE
03,Verduras,8511101,SALADA DE FOLHAS
03,Verduras,8508401,"SALADA OU VERDURA CRUA, EXCETO DE FRUTA"
03,Verduras,8510601,"SALADA DE ALFACE, TOMATE E CEBOLA"
03,Verduras,8500801,"SALADA OU VERDURA COZIDA, EXCETO DE FRUTA"
03,Verduras,6700101,ALFACE
03,Verduras,6701901,CARURU
03,Verduras,7079202,VINAGRETE
03,Verduras,8800109,PALMA
03,Verduras,6700501,COUVE
03,Verduras,6700901,REPOLHO
03,Verduras,6709701,OREGANO
03,Verduras,6701501,ACELGA
03,Verduras,6401601,ACAFRAO
03,Verduras,7002601,COENTRO
03,Verduras,6702105,JAMBU
03,Verduras,7002304,HORTELA
03,Verduras,6702001,RUCULA
03,Verduras,6701704,BROCOLIS
03,Verduras,6700601,COUVE FLOR
03,Verduras,6703101,BROTO DE FEIJAO
03,Verduras,6701602,RADITE
03,Verduras,6701601,ALMEIRAO
03,Verduras,6701101,CEBOLINHA
03,Verduras,8511102,SALADA DE RUCULA E TOMATE SECO
03,Verduras,6701301,AGRIAO
03,Verduras,6706301,ALHO PORO
03,Verduras,6700904,REPOLHO VERDE
03,Verduras,6700301,CHICORIA
03,Verduras,6700304,ESCAROLA
03,Verduras,6700701,ESPINAFRE
03,Verduras,6700801,MOSTARDA (VERDURA)
03,Verduras,6700903,REPOLHO ROXO
03,Verduras,6701401,TAIOBA
03,Verduras,8510401,SALADA CAESER / CESAR / CISER / CEASER
03,Verduras,6707301,BROTO DE ALFAFA
03,Verduras,6710701,ORA-PRO-NOBIS
03,Verduras,6701906,CUXA
03,Verduras,6701801,SERRALHA
03,Verduras,6701907,VINAGREIRA
03,Verduras,6709901,ASPARGOS FRESCO
03,Verduras,7700902,CHUCRUTE
03,Verduras,8510501,SALADA DE AIPO COM MACA
03,Verduras,6706001,NIRA
03,Verduras,6700305,ENDIVIA
03,Verduras,6701505,BETERRABA BRANCA (ACELGA)
03,Verduras,6702701,COUVE CHINESA
03,Verduras,6701913,CARIRU
03,Verduras,6710101,MASTRUZ
03,Verduras,6700201,BERTALHA
03,Verduras,6711001,VEGETAIS FOLHOSOS NAO ESPECIFICADOS
03,Verduras,7700901,REPOLHO EM CONSERVA
03,Verduras,6711401,ALGAS
03,Verduras,6702501,BREDO
03,Verduras,6702201,LINGUA DE VACA (VERDURA)
03,Verduras,6702604,SALSAO (AIPO)
03,Verduras,6711201,ALCAPARRAS
04,Legumes,8511701,SALADA DE LEGUMES E VERDURAS
04,Legumes,6705401,BERINJELA / BERINGELA
04,Legumes,6703901,ABOBORA
04,Legumes,8511201,SALADA DE LEGUMES
04,Legumes,6401201,CENOURA
04,Legumes,6705701,CEBOLA
04,Legumes,6705101,TOMATE
04,Legumes,6704001,PEPINO
04,Legumes,7703701,PEPINO EM CONSERVA
04,Legumes,6601805,PUPUNHA
04,Legumes,6704201,JILO
04,Legumes,8579131,CREME DE CENOURA
04,Legumes,6703805,JERIMUM
04,Legumes,6703701,ABOBRINHA
04,Legumes,6705301,COGUMELO IN NATURA
04,Legumes,7704001,PICLES
04,Legumes,6705201,VAGEM
04,Legumes,6704601,PIMENTA MALAGUETA
04,Legumes,6704101,CHUCHU
04,Legumes,6705001,QUIABO
04,Legumes,6704501,PIMENTAO
04,Legumes,8506701,QUIBEBE
04,Legumes,7700501,PALMITO EM CONSERVA
04,Legumes,7701101,LEGUME NAO ESPECIFICADO EM CONSERVA
04,Legumes,6703306,MORANGA
04,Legumes,7700601,COGUMELO EM CONSERVA
04,Legumes,6503502,PURE DE ABOBORA / JERIMUM / GERIMUM
04,Legumes,6706201,ALHO
04,Legumes,6704301,MAXIXE
04,Legumes,8578404,ABOBORA COM QUIABO
04,Legumes,8579244,REFOGADINHO DE LEGUMES
04,Legumes,8580301,"SALADA DE LEGUMES, VERDURAS E FRUTAS"
04,Legumes,6704409,GUARIROBA (PALMITO IN NATURA)
04,Legumes,6704401,PALMITO IN NATURA
04,Legumes,6706102,SELETA (JARDINEIRA)
04,Legumes,8579046,"BATATA, CENOURA E CHUCHU"
04,Legumes,8579130,CREME DE ABOBORA COM CARNE
04,Legumes,8579170,LEGUMES GRATINADOS
04,Legumes,8579237,QUIBE VEGETARIANO
04,Legumes,6703707,CAXI
04,Legumes,6711101,VEGETAIS NAO ESPECIFICADOS
04,Legumes,6704106,CHUCHU AO FORNO
04,Legumes,7700602,CHAMPIGNON EM CONSERVA
04,Legumes,7080401,CONSERVA DE BERINJELA
04,Legumes,8579136,ENSOPADINHO DE LEGUMES
04,Legumes,8579243,RATATOUILLE
04,Legumes,6704410,GUEROBA / GUEIROBA (PALMITO IN NATURA)
04,Legumes,6704306,PEPININHO (MAXIXE)
04,Legumes,7705201,NABO EM CONSERVA
04,Legumes,6705704,CEBOLA ROXA
04,Legumes,8579092,CAPONATA DE BERINJELA
04,Legumes,8579137,JARDINEIRA DE LEGUMES
04,Legumes,7010301,TOMATE SECO
04,Legumes,8579282,TEMPURA LEGUMES
04,Legumes,6705601,CABACA
04,Legumes,6706101,JARDINEIRA (SELETA)
05,Raízes e tubérculos,6400802,BATATA (NAO ESPECIFICADA)
05,Raízes e tubérculos,6400401,BATATA DOCE
05,Raízes e tubérculos,6400609,AIPIM
05,Raízes e tubérculos,6400101,BATATA INGLESA
05,Raízes e tubérculos,6400701,CARA
05,Raízes e tubérculos,6400610,MACAXEIRA
05,Raízes e tubérculos,6400601,MANDIOCA
05,Raízes e tubérculos,8501503,BATATA PALHA
05,Raízes e tubérculos,6400501,INHAME
05,Raízes e tubérculos,6503501,PURE DE BATATA
05,Raízes e tubérculos,6401301,NABO
05,Raízes e tubérculos,8506605,PIRAO DE LEITE
05,Raízes e tubérculos,6401101,BETERRABA
05,Raízes e tubérculos,6480001,GENGIBRE
05,Raízes e tubérculos,8506601,PIRAO
05,Raízes e tubérculos,8501502,BATATA PALITO
05,Raízes e tubérculos,6400304,CENOURA AMARELA (BATATA BAROA)
05,Raízes e tubérculos,8579045,BATATA SUICA / BATATA ROSTIE / ROSTI
05,Raízes e tubérculos,6400713,INHAME CARAQUENTO (CARA)
05,Raízes e tubérculos,6401001,RABANETE
05,Raízes e tubérculos,6400303,MANDIOQUINHA SALSA (BATATA BAROA)
05,Raízes e tubérculos,6400908,MANDIOQUINHA
05,Raízes e tubérculos,6503503,PURE DE INHAME
05,Raízes e tubérculos,6503504,PURE DE MANDIOCA
06,Frutas,6801801,"LARANJA (PERA, SELETA, LIMA, DA TERRA, ETC)"
06,Frutas,6801001,BANANA DA TERRA
06,Frutas,6801101,"BANANA (OURO, PRATA, DAGUA, ETC)"
06,Frutas,6802601,ABACAXI
06,Frutas,6802701,ABACATE
06,Frutas,8507801,ACAI
06,Frutas,8507802,ACAI COM GUARANA E GRANOLA
06,Frutas,6804301,AMEIXA
06,Frutas,6802801,CAQUI
06,Frutas,6804201,GOIABA
06,Frutas,6803101,MAMAO
06,Frutas,6803201,MANGA
06,Frutas,6803401,MELANCIA
06,Frutas,6803501,MELAO
06,Frutas,6802202,MEXERICA
06,Frutas,6803701,PESSEGO
06,Frutas,8504401,SALADA DE FRUTAS
06,Frutas,6803901,UVA
06,Frutas,6803912,UVA PASSA
06,Frutas,6803001,MACA
06,Frutas,6803601,PERA
06,Frutas,6805401,ATEMOIA
06,Frutas,6802217,BERGAMOTA
06,Frutas,6806902,CERIGUELA / SERIGUELA / SIRIGUELA
06,Frutas,6806901,CIRIGUELA
06,Frutas,6810501,CRANBERRY
06,Frutas,6802901,FIGO
06,Frutas,6804101,JACA
06,Frutas,6807801,KIWI
06,Frutas,6810001,LICHIA
06,Frutas,6805201,MORANGO
06,Frutas,6810901,TAMARA
06,Frutas,6802201,TANGERINA
06,Frutas,6807101,UMBU
06,Frutas,6801002,BANANA-PACOVA
06,Frutas,6804401,CAJU
06,Frutas,6803802,PINHA (FRUTA DE CONDE)
06,Frutas,6802501,CANA DE ACUCAR
06,Frutas,6800701,BANANA-ROXA
06,Frutas,6805901,FRUTA PAO
06,Frutas,6807202,BIRIBA / BERIBA
06,Frutas,6902401,FRUTA SECA OU DESIDRATADA
06,Frutas,6805001,GRAVIOLA / JACA-DE-POBRE
06,Frutas,6804908,JABUTICABA / JABOTICABA
06,Frutas,6802001,"LIMAO (COMUM, GALEGO, ETC)"
06,Frutas,6803301,MARACUJA
06,Frutas,6803108,PAPAIA
06,Frutas,6807701,ACEROLA
06,Frutas,6804203,ARACA ACU (GOIABA)
06,Frutas,6811001,DAMASCO
06,Frutas,6803801,FRUTA DE CONDE
06,Frutas,6801901,LIMA
06,Frutas,6809901,AMORA
06,Frutas,6804801,CARAMBOLA
06,Frutas,6807501,MARI
06,Frutas,6807001,MURICI
06,Frutas,6806101,UXI
06,Frutas,6805301,JAMBO
06,Frutas,6806301,CACAU (FRUTA)
06,Frutas,6806701,PEQUI
06,Frutas,6808201,JURUBEBA
06,Frutas,6807401,NECTARINA
06,Frutas,6902402,PASSA
06,Frutas,6803803,ATA
06,Frutas,6808001,ABIU
06,Frutas,6806501,BACURI
06,Frutas,6804601,CAJA MANGA
06,Frutas,6806601,INGA
06,Frutas,6602601,PATAUA
06,Frutas,6806201,TAMARINDO
06,Frutas,6802223,TANJA
06,Frutas,6800901,BANANA-SAO-TOME
06,Frutas,6807301,CUPUACU
06,Frutas,6802218,MIMOSA
06,Frutas,6806401,PITOMBA
06,Frutas,6805701,ARACA
06,Frutas,6806704,PIQUIA
06,Frutas,6804705,CAJA
06,Frutas,6804001,JENIPAPO
06,Frutas,6805501,GROSELHA
06,Frutas,6805601,MANGABA
06,Frutas,6806001,SAPOTI
06,Frutas,6804701,TAPEREBA / TAPERIBA / CAJA-MIRIM / CAJA-PEQUENO
06,Frutas,6805101,ARATICUM
06,Frutas,6804602,CAJARANA
06,Frutas,6804501,CEREJA
06,Frutas,6802407,LARANJINHA JAPONESA / QUINCAN / KINKAN
06,Frutas,6808101,ABRICO
06,Frutas,6802305,GRAPEFRUIT / TORANJA
06,Frutas,6802227,MARICOTA
06,Frutas,6806801,PITANGA
06,Frutas,6810402,FISALIS
06,Frutas,6810201,JAMELAO (JAMBURAO)
07,"Oleaginosas (castanhas, nozes, amendoins)",6600501,AMENDOA
07,"Oleaginosas (castanhas, nozes, amendoins)",6600801,CASTANHA DE CAJU
07,"Oleaginosas (castanhas, nozes, amendoins)",6600701,CASTANHA DO PARA
07,"Oleaginosas (castanhas, nozes, amendoins)",6602502,"CASTANHAS E SEMENTES, MISTURA"
07,"Oleaginosas (castanhas, nozes, amendoins)",6600104,COCO SECO
07,"Oleaginosas (castanhas, nozes, amendoins)",6301001,AMENDOIM (EM GRAO) (IN NATURA)
07,"Oleaginosas (castanhas, nozes, amendoins)",6302002,LINHACA
07,"Oleaginosas (castanhas, nozes, amendoins)",6600401,PINHAO
07,"Oleaginosas (castanhas, nozes, amendoins)",6602301,BURITI
07,"Oleaginosas (castanhas, nozes, amendoins)",7009102,GERGELIM
07,"Oleaginosas (castanhas, nozes, amendoins)",6601108,TUCUMA
07,"Oleaginosas (castanhas, nozes, amendoins)",6602401,COCO NAO ESPECIFICADO
07,"Oleaginosas (castanhas, nozes, amendoins)",6602001,CASTANHA DA INDIA
07,"Oleaginosas (castanhas, nozes, amendoins)",6305001,CHIA
07,"Oleaginosas (castanhas, nozes, amendoins)",6602501,CASTANHAS NAO ESPECIFICADAS
07,"Oleaginosas (castanhas, nozes, amendoins)",6601803,COCO PUPUNHA
07,"Oleaginosas (castanhas, nozes, amendoins)",6601501,NOZ
07,"Oleaginosas (castanhas, nozes, amendoins)",6302001,SEMENTE DE LINHACA
07,"Oleaginosas (castanhas, nozes, amendoins)",6600702,CASTANHA DO BRASIL
07,"Oleaginosas (castanhas, nozes, amendoins)",6600703,NOZES DO PARA
07,"Oleaginosas (castanhas, nozes, amendoins)",6380001,SEMENTES DE GIRASSOL
07,"Oleaginosas (castanhas, nozes, amendoins)",6603201,"TAHINI, PASTA"
07,"Oleaginosas (castanhas, nozes, amendoins)",6303201,SEMENTES DE ABOBORA
07,"Oleaginosas (castanhas, nozes, amendoins)",6903303,AMENDOIM APIMENTADO
07,"Oleaginosas (castanhas, nozes, amendoins)",6600301,CASTANHA PORTUGUESA
07,"Oleaginosas (castanhas, nozes, amendoins)",6903208,AMENDOIM AMANTEIGADO
07,"Oleaginosas (castanhas, nozes, amendoins)",6601707,JUCARA
07,"Oleaginosas (castanhas, nozes, amendoins)",6601902,BACABA
07,"Oleaginosas (castanhas, nozes, amendoins)",6600101,COCO DA BAHIA
07,"Oleaginosas (castanhas, nozes, amendoins)",6903304,AMENDOIM COZIDO
07,"Oleaginosas (castanhas, nozes, amendoins)",6503702,AMENDOIM MOIDO
07,"Oleaginosas (castanhas, nozes, amendoins)",6600105,COCO VERDE
07,"Oleaginosas (castanhas, nozes, amendoins)",6601712,JUSSARA
07,"Oleaginosas (castanhas, nozes, amendoins)",6601213,BOCAIUVA
07,"Oleaginosas (castanhas, nozes, amendoins)",6600912,BUTIA
07,"Oleaginosas (castanhas, nozes, amendoins)",6600901,COCO OURICURI
07,"Oleaginosas (castanhas, nozes, amendoins)",6600913,LICURI
07,"Oleaginosas (castanhas, nozes, amendoins)",6602201,PISTACHE
07,"Oleaginosas (castanhas, nozes, amendoins)",6603001,NOZ PECAN
07,"Oleaginosas (castanhas, nozes, amendoins)",6600601,AVELA
07,"Oleaginosas (castanhas, nozes, amendoins)",6906404,POLPA DE COCO
07,"Oleaginosas (castanhas, nozes, amendoins)",6601002,COCO BABACU
08,Farinhas e massas,6500401,AVEIA EM FLOCOS
08,Farinhas e massas,6904502,BEIJU
08,Farinhas e massas,6501401,FARINHA DE MANDIOCA
08,Farinhas e massas,8502901,FAROFA PRONTA
08,Farinhas e massas,6503401,MACARRAO
08,Farinhas e massas,8502201,FAROFA
08,Farinhas e massas,8502202,FAROFA COM CARNE  / LINGUICA/  BACON
08,Farinhas e massas,8500921,LASANHA
08,Farinhas e massas,8581503,MACARRAO COM QUEIJO
08,Farinhas e massas,8581509,MACARRAO CREMOSO / SUGO / TOMATE
08,Farinhas e massas,6504802,MACARRAO INSTANTANEO
08,Farinhas e massas,8500919,MACARRONADA
08,Farinhas e massas,6504801,MIOJO
08,Farinhas e massas,8500913,PANQUECA
08,Farinhas e massas,6500902,SUCRILHOS DE MILHO
08,Farinhas e massas,8080101,TAPIOCA
08,Farinhas e massas,6501516,TAPIOCA DE GOMA
08,Farinhas e massas,6500903,CEREAL MATINAL DE MILHO EM FLOCOS
08,Farinhas e massas,6501415,FARINHA DE AGUA
08,Farinhas e massas,6502001,FARINHA LACTEA
08,Farinhas e massas,6504101,GRANOLA
08,Farinhas e massas,8500904,LAZANHA
08,Farinhas e massas,6504701,MIX DE CEREAIS
08,Farinhas e massas,6502101,NESTON
08,Farinhas e massas,6500301,FARINHA DE AVEIA
08,Farinhas e massas,8502204,FAROFA COM OVOS
08,Farinhas e massas,6502102,FLOCOS DE CEREAIS
08,Farinhas e massas,8581504,MACARRAO AO ALHO E OLEO
08,Farinhas e massas,6573225,MACARRAO COM CARNE
08,Farinhas e massas,8506001,FAROFA DE BANANA
08,Farinhas e massas,6573239,MACARRONESE
08,Farinhas e massas,6573242,MASSA / MACARRAO INTEGRAL
08,Farinhas e massas,8006101,CREPE
08,Farinhas e massas,6501416,CRUERA/ CRUEIRA
08,Farinhas e massas,6501304,FIBRA DE CEREAL TRIGO
08,Farinhas e massas,6502106,FLOCOS NAO ESPECIFICADO
08,Farinhas e massas,8581505,MACARRAO COM FRANGO OU GALINHA
08,Farinhas e massas,6573226,MACARRAO COM PEIXE / ATUM / SARDINHA
08,Farinhas e massas,8581511,MACARRAO COM SALSICHA
08,Farinhas e massas,6500201,FLOCOS DE ARROZ
08,Farinhas e massas,6501301,GERME DE TRIGO
08,Farinhas e massas,6904501,SAROLHO
08,Farinhas e massas,8511901,LASANHA / LAZANHA DE BERINGELA
08,Farinhas e massas,8581506,MACARRAO COM LEGUMES
08,Farinhas e massas,7701406,YAKISSOBA
08,Farinhas e massas,8512101,LASANHA / LAZANHA DE FRANGO OU GALINHA
08,Farinhas e massas,8581507,MACARRAO COM LINGUICA
08,Farinhas e massas,8581508,MACARRAO COM MOLHO BRANCO
08,Farinhas e massas,8500906,CANELONI
08,Farinhas e massas,8500923,CAPELETTI DE FRANGO
08,Farinhas e massas,8511902,LASANHA / LASANHA DE BERINGELA COM CARNE
08,Farinhas e massas,8500905,NHOQUE
08,Farinhas e massas,8579256,RONDELE / RONDELI / RONDELLE
08,Farinhas e massas,6573240,SALADA DE MACARRAO
08,Farinhas e massas,6573241,SALADA DE MACARRAO COM MAIONESE
08,Farinhas e massas,8581701,YAKISSOBA DE CARNE
08,Farinhas e massas,8512901,CANELONE DE QUEIJO
08,Farinhas e massas,8513001,CANELONE DE QUEIJO E PRESUNTO
08,Farinhas e massas,8500907,CAPELETI
08,Farinhas e massas,6500202,CROQUINHOS DE ARROZ
08,Farinhas e massas,8502206,FAROFA DE COUVE
08,Farinhas e massas,8512201,LASANHA / LAZANHA DE LEGUMES AO SUGO
08,Farinhas e massas,8512301,LASANHA / LAZANHA DE QUEIJO E PRESUNTO
08,Farinhas e massas,8512401,LASANHA / LAZANHA QUATRO QUEIJOS
08,Farinhas e massas,8581501,MACARRAO COM CAMARAO
08,Farinhas e massas,8581502,MACARRAO COM FRUTOS DO MAR
08,Farinhas e massas,8581510,MACARRAO GRATINADO
08,Farinhas e massas,8512801,CANELONE DE FRANGO
08,Farinhas e massas,8513201,CANELONE DE RICOTA
08,Farinhas e massas,6501410,FARINHA DE COPIOBA
08,Farinhas e massas,8502101,FAROFA PRONTA LIGHT
08,Farinhas e massas,8581401,MACARAO COM OVO
08,Farinhas e massas,6506302,MACARRAO INSTANTANEO LIGHT
08,Farinhas e massas,8579257,RONDELE DE CAMARAO
08,Farinhas e massas,8581702,YAKISSOBA DE FRANGO
08,Farinhas e massas,8581706,YAKISSOBA DE LEGUMES
08,Farinhas e massas,6502109,FLOCOS DE TRIGO
08,Farinhas e massas,6573243,MASSA / MACARRAO SEM GLUTEN
08,Farinhas e massas,8500909,RAVIOLI
08,Farinhas e massas,8581704,YAKISSOBA DE CAMARAO
08,Farinhas e massas,6501303,FIBRA DE TRIGO
08,Farinhas e massas,8579259,RONDELE DE QUEIJO E PRESUNTO
08,Farinhas e massas,8500922,CAPELETTI DE CARNE
08,Farinhas e massas,8579253,RONDELE DE CARNE
08,Farinhas e massas,8512001,LASANHA / LAZANHA COM FRUTOS DO MAR
08,Farinhas e massas,8508004,LASANHA / LAZANHA LIGHT
09,Panificados,8004001,BOLO DE LARANJA
09,Panificados,8000101,PAO FRANCES
09,Panificados,8002201,BISCOITO SALGADO
09,Panificados,8013301,BOLO DOCE COM RECHEIO E COBERTURA
09,Panificados,8000107,PAO CACETINHO
09,Panificados,8570328,PAO COM MANTEIGA
09,Panificados,8000105,PAO DE SAL
09,Panificados,8001501,PAO NAO ESPECIFICADO
09,Panificados,8002212,BISCOITO DE POLVILHO
09,Panificados,8002301,BISCOITO DOCE
09,Panificados,8010501,BISCOITO DOCE DIET
09,Panificados,8010401,BISCOITO DOCE LIGHT
09,Panificados,8005201,BISCOITO NAO ESPECIFICADO
09,Panificados,8004801,BISCOITO RECHEADO
09,Panificados,8002236,BISCOITO SALGADO INTEGRAL
09,Panificados,8000237,BISNAGUINHA
09,Panificados,8002334,BOLACHA DOCE
09,Panificados,8004810,BOLACHA RECHEADA
09,Panificados,8002225,BOLACHA SALGADA
09,Panificados,8010125,BOLACHA SALGADA LIGHT
09,Panificados,8003801,BOLO DE CHOCOLATE
09,Panificados,8004101,BOLO DE COCO
09,Panificados,8002612,BOLO DE FUBA
09,Panificados,8002704,BOLO DE GOMA
09,Panificados,8002705,BOLO DE MANDIOCA
09,Panificados,8004603,BOLO SIMPLES
09,Panificados,8004701,BROA
09,Panificados,8002503,CUCA DE QUALQUER TIPO
09,Panificados,8000109,PAO CARECA
09,Panificados,8080001,PAO CASEIRO
09,Panificados,8570329,PAO COM MARGARINA
09,Panificados,8000501,PAO DE FORMA INDUSTRIALIZADO DE QUALQUER MARCA
09,Panificados,8000106,PAO DE TRIGO
09,Panificados,8000201,PAO DOCE
09,Panificados,8000208,PAO DOCE COM RECHEIO
09,Panificados,8000249,PAO DOCE SEM RECHEIO
09,Panificados,8001401,PAO INTEGRAL
09,Panificados,8000158,PAOZINHO
09,Panificados,8002002,ROSQUINHA DOCE
09,Panificados,8003703,SONHO RECHEADO COBERTO COM ACUCAR
09,Panificados,8003704,SONHO RECHEADO COM COBERTURA DE CHOCOLATE
09,Panificados,8001901,TORRADA DE QUALQUER PAO
09,Panificados,8002254,TORRADA INTEGRAL
09,Panificados,8003501,TORTAS DOCES DE QUALQUER SABOR
09,Panificados,8010601,BOLO DE BANANA
09,Panificados,8004201,BOLO DE CENOURA
09,Panificados,8012901,BOLO DE CENOURA SEM RECHEIO COM COBERTURA
09,Panificados,8002703,BOLO DE MACAXEIRA
09,Panificados,8002601,BOLO DE MILHO
09,Panificados,8002702,BOLO DE TAPIOCA
09,Panificados,8004601,BOLO DE TRIGO
09,Panificados,8013201,BOLO DIET SIMPLES
09,Panificados,8013601,BROWNIE
09,Panificados,8002227,CHIPS (SALGADINHOS)
09,Panificados,8003702,FILHOS (BOLINHO DE FARINHA DE TRIGO E OVOS)
09,Panificados,8000157,PAO BRANCO NAO ESPECIFICADO
09,Panificados,8000103,PAO DE HAMBURGUER
09,Panificados,8002001,ROSCA DOCE
09,Panificados,8002246,"SALGADINHO DE MILHO (TIPO DORITOS, FANDANGOS, CHEETO"
09,Panificados,8002256,SALGADINHO TIPO TORCIDA
09,Panificados,8002305,SEQUILHO
09,Panificados,8008305,BISCOITO WAFFER / WAFER LIGHT
09,Panificados,8002901,BOLO DE ARROZ
09,Panificados,8013001,BOLO DE CHOCOLATE COM RECHEIO E COBERTURA
09,Panificados,8002613,BOLO DE FUBA CREMOSO
09,Panificados,8010605,BOLO DE LIMAO
09,Panificados,8002509,BOLO DE ROLO
09,Panificados,8002609,GRUSTOLI (BOLINHO DOCE)
09,Panificados,8000213,PAO DE LEITE
09,Panificados,8001413,PAO FRANCES INTEGRAL
09,Panificados,8006801,PAO INTEGRAL LIGHT
09,Panificados,8002106,ROSQUINHA SALGADA
09,Panificados,8004807,WAFFER / WAFER (BISCOITO)
09,Panificados,8000229,PAO DE MEL
09,Panificados,8000240,CROISSANT
09,Panificados,8001101,PAO DE MILHO
09,Panificados,8010534,BOLACHA DOCE DIET
09,Panificados,8010434,BOLACHA DOCE LIGHT
09,Panificados,8502501,BOLINHO DE COCO
09,Panificados,8012601,BOLO CUCA
09,Panificados,8010602,BOLO DE ABACAXI
09,Panificados,8012701,BOLO DE ABOBORA
09,Panificados,8002701,BOLO DE AIPIM
09,Panificados,8002801,BOLO DE BATATA DOCE
09,Panificados,8010604,BOLO DE FRUTA
09,Panificados,8013401,BOLO INGLES
09,Panificados,8003902,BRIOCHE
09,Panificados,8012602,CUCA ALEMA
09,Panificados,8000234,PANETONE
09,Panificados,8001408,PAO CACETINHO INTEGRAL
09,Panificados,8001410,PAO CENTEIO INTEGRAL
09,Panificados,8000102,PAO DAGUA
09,Panificados,8011701,PAO DE BATATA
09,Panificados,8001301,PAO DE CENTEIO
09,Panificados,8000223,PAO DE COCO
09,Panificados,8001412,PAO DE TRIGO INTEGRAL
09,Panificados,8006601,PAO LIGHT (DE FORMA INDUSTRIALIZADO)
09,Panificados,8001302,PAO PRETO NAO ESPECIFICADO
09,Panificados,8011602,PAO SEM GLUTEN
09,Panificados,8002252,TORRADA CENTEIO
09,Panificados,8002253,TORRADA DOCE
09,Panificados,6917401,WAFFLE
09,Panificados,8010101,BISCOITO SALGADO LIGHT
09,Panificados,8002302,CAVACO CHINES
09,Panificados,8013302,CUPCAKE
09,Panificados,8002217,GRESSINI / GRISSINI (PALITO DE PAO)
09,Panificados,8001407,PAO ARABE INTEGRAL
09,Panificados,8001409,PAO CARECA INTEGRAL
09,Panificados,8004602,PAO DE LO
09,Panificados,8001411,PAO DE SAL INTEGRAL
09,Panificados,8006501,PAO DIET (DE FORMA INDUSTRIALIZADO)
09,Panificados,8002508,ROCAMBOLE DOCE
09,Panificados,8004814,ROSQUINHA RECHEADA DE QUALQUER SABOR
09,Panificados,8002255,SALGADINHO BATATA CHIPS (TIPO RUFFLES)
09,Panificados,8002309,SOLDA/ SODA/ BOLACHA DE RAPADURA
09,Panificados,8003701,SONHO
09,Panificados,8002306,TARECO
09,Panificados,8007101,TORTAS DOCES DE QUALQUER SABOR DIET
09,Panificados,8012702,BOLO DE CENOURA COM RECHEIO E COBERTURA DE CHOCOLATE
09,Panificados,8000203,CHINEQUE
09,Panificados,8000245,PAO AUSTRALIANO
09,Panificados,8011601,PAO PARA WRAP
09,Panificados,8002315,BREVIDADE
09,Panificados,8000145,PAO CIABATA
09,Panificados,8008201,BOLO DE CENOURA DIET
09,Panificados,8004809,ALFAJORES (BISCOITO)
09,Panificados,8002502,ROCAMBOLE
09,Panificados,8006401,PAO ARABE
09,Panificados,6904401,CANUDINHO RECHEADO
09,Panificados,8001414,PAOZINHO INTEGRAL
09,Panificados,8002205,PRESUNTINHO BISCOITO
09,Panificados,8002605,ANGUSOR DE MILHO
09,Panificados,8008310,BOLACHA RECHEADA LIGHT
09,Panificados,8002335,MARIA MALUCA (BOLACHA DOCE)
09,Panificados,8008401,BISCOITO RECHEADO DIET
09,Panificados,8008410,BOLACHA RECHEADA DIET
09,Panificados,8007501,BOLO DE CHOCOLATE LIGHT
09,Panificados,8010034,PANETONE DIET
09,Panificados,8002230,BACONZITOS
09,Panificados,6904701,BEIJO DE MOCA
09,Panificados,8003101,BOLO DE CARA
09,Panificados,8008408,ROSQUINHA RECHEADA DE QUALQUER SABOR DIET
09,Panificados,8008301,BISCOITO RECHEADO LIGHT
09,Panificados,8010127,CHIPS (SALGADINHOS) LIGHT
09,Panificados,8003802,MUFFIN
09,Panificados,8011901,SALGADINHO DE ARROZ (TIPO CAMIL)
09,Panificados,8007302,FILHOS (BOLINHO DE FARINHA DE TRIGO E OVOS) LIGHT
10,Carnes,8102601,MORTADELA
10,Carnes,7108107,MIUDO DE BODE
10,Carnes,8102101,SALSICHA
10,Carnes,7800302,FRANGO EM PEDACOS
10,Carnes,8100201,CARNE DE SOL
10,Carnes,8102204,"LINGUICA  (SUINA, BOVINA, MISTA, ETC)"
10,Carnes,7800402,FILE DE FRANGO
10,Carnes,8579147,FRANGO ENSOPADO
10,Carnes,7109101,CARNE BOVINA
10,Carnes,7800307,FRANGO DESFIADO
10,Carnes,7801101,MOELA DE GALINHA OU FRANGO
10,Carnes,7108902,BIFE
10,Carnes,7104102,CARNE DE PORCO
10,Carnes,8100202,CARNE DO SERTAO
10,Carnes,7102502,FIGADO BOVINO (BIFE)
10,Carnes,8100502,HAMBURGUER DE CARNE BOVINA
10,Carnes,8102205,LINGUICA CALABRESA
10,Carnes,7400101,"PEIXE DE AGUA DOCE (EM POSTA, EM FILE, ETC)"
10,Carnes,8102701,SALAME
10,Carnes,7260101,CAMARAO
10,Carnes,8579071,CALDEIRADA DE PEIXE
10,Carnes,8579110,CARNE SECA COM ABOBORA / LEGUMES
10,Carnes,8503801,CHURRASCO
10,Carnes,8581604,STROGONOFF / ESTROGONOFE DE FRANGO OU GALINHA
10,Carnes,7801801,PEITO DE PERU
10,Carnes,8102901,PRESUNTO
10,Carnes,7104101,CARNE SUINA / CARNE DE PORCO
10,Carnes,7802701,CHESTER
10,Carnes,7103701,LOMBO SUINO / LOMBO DE PORCO
10,Carnes,7800401,PEITO DE GALINHA OU FRANGO
10,Carnes,7106301,PERNIL (DE PORCO / SUINO)
10,Carnes,7801702,PERU EM PEDACO NAO ESPECIFICADO
10,Carnes,7800503,SOBRECOXA / COXA DE FRANGO / GALINHA
10,Carnes,7800303,GALINHA EM PEDACOS
10,Carnes,7104301,CARNE MOIDA
10,Carnes,7270401,BACALHAU
10,Carnes,7112801,BIFE DE PANELA
10,Carnes,7800304,CARNE DE GALINHA
10,Carnes,7800301,PARTE DE GALINHA OU FRANGO NAO ESPECIFICADA
10,Carnes,8100102,CARNE DE CHARQUE
10,Carnes,8103101,HAMBURGUER NAO ESPECIFICADO
10,Carnes,7100606,TATU (LAGARTO REDONDO)
10,Carnes,8579072,CALDO DE PINTO
10,Carnes,8579096,CARNE ASSADA RECHEADA
10,Carnes,8506201,GALINHA COM ARROZ
10,Carnes,8582302,ROCAMBOLE DE CARNE
10,Carnes,7703002,SARDINHA EM CONSERVA
10,Carnes,7705401,STROGONOFF / ESTROGONOFE
10,Carnes,8502801,VATAPA
10,Carnes,7802101,ASA DE PERU
10,Carnes,7103501,COSTELA SUINA / COSTELA DE PORCO
10,Carnes,7801901,COXA DE PERU
10,Carnes,7113101,LEITAO
10,Carnes,7113301,LOMBO
10,Carnes,8579160,FRICASSE DE FRANGO OU GALINHA
10,Carnes,8579222,PICADINHO DE CARNE
10,Carnes,7200101,"PEIXE DO MAR (EM POSTA, EM FILE, ETC)"
10,Carnes,7702602,ALMONDEGA
10,Carnes,8500213,PACOCA DE CARNE DE SOL
10,Carnes,7800701,ASA DE GALINHA OU FRANGO
10,Carnes,8104601,CARNE SALGADA NAO ESPECIFICADA
10,Carnes,7102801,RABADA BOVINA
10,Carnes,7104501,TRIPA SUINA / PORCO
10,Carnes,8579052,BIFE DE FRANGO OU GALINHA A PARMEGIANA
10,Carnes,8506301,GALINHADA
10,Carnes,7600101,"PEIXE NAO ESPECIFICADO (EM POSTA, EM FILE, ETC)"
10,Carnes,7400401,"PEIXE DE AGUA DOCE SALGADO (EM POSTA, EM FILE, ETC)"
10,Carnes,8571112,FRANGO COM BATATA / INHAME / BATATA BAROA / AIPIM
10,Carnes,8102905,PRESUNTO PARMA
10,Carnes,7105402,CARNE DE BODE
10,Carnes,7101301,COSTELA BOVINA
10,Carnes,7105601,CARNE DE CARNEIRO
10,Carnes,8102207,LINGUICA DE FRANGO
10,Carnes,8103601,APRESUNTADO
10,Carnes,7100101,FILE MIGNON
10,Carnes,7105405,CARNE DE CAPRINO
10,Carnes,7107622,CARNE DE JABUTI
10,Carnes,7112802,CARNE DE PANELA
10,Carnes,7102501,FIGADO BOVINO
10,Carnes,7101806,PANELADA
10,Carnes,8100103,JABA
10,Carnes,7802902,STEAK DE FRANGO
10,Carnes,8579114,CARNE DESFIADA
10,Carnes,8579111,CHARQUE COM LEGUMES
10,Carnes,8501104,COSTELA
10,Carnes,8104001,"PATE (FIGADO, CALABRES, FRANGO, PRESUNTO, ETC)"
10,Carnes,7702705,PRESUNTADA
10,Carnes,7104701,LINGUA SUINA / LINGUA DE PORCO
10,Carnes,8102403,MORCILHA
10,Carnes,7100205,BISTECA BOVINA
10,Carnes,7103305,BISTECA SUINA / BISTECA DE PORCO
10,Carnes,7105602,CARNE DE OVELHA
10,Carnes,8102103,SALSICHAO
10,Carnes,7107204,BUCHADA DE BODE
10,Carnes,7101006,CHAMBARIL
10,Carnes,7104302,GUISADO / GUIZADO
10,Carnes,8100101,CARNE SECA
10,Carnes,8101101,HAMBURGUER DE FRANGO
10,Carnes,7273101,OVAS DE PEIXE (QUALQUER ESPECIE)
10,Carnes,7600401,"PEIXE NAO ESPECIFICADO SALGADO (EM POSTA, EM FILE, E"
10,Carnes,7200401,"PEIXE SALGADO (EM POSTA, EM FILE, ETC)"
10,Carnes,7102401,TRIPA BOVINA
10,Carnes,7703402,ATUM EM CONSERVA
10,Carnes,8579064,CARNE COZIDA COM LEGUMES E BATATA
10,Carnes,8579007,CARNE DE BOI COM LEGUMES
10,Carnes,8579113,CARNE DE SOL COM MACAXEIRA
10,Carnes,8503802,CHURRASQUINHO
10,Carnes,8579146,FRANGO CAIPIRA
10,Carnes,8579150,FRANGO OU GALINHA AO MOLHO PARDO / GALINHA DE CABIDE
10,Carnes,8501004,GALETO
10,Carnes,8579011,GUISADO /  GUIZADO DE CARNE COM LEGUMES
10,Carnes,8579212,PEIXE AO LEITE DE COCO
10,Carnes,8102702,SALAMINHO
10,Carnes,7107601,CARNE DE OUTROS ANIMAIS
10,Carnes,7107611,CARNE DE JACARE
10,Carnes,7101009,CARNE MARICA BOVINA
10,Carnes,8579105,CARNE DE PORCO COM LEGUMES
10,Carnes,8579015,GUISADO /  GUIZADO DE FRANGO OU GALINHA COM LEGUMES
10,Carnes,7102701,LINGUA BOVINA
10,Carnes,7112601,BIFE A MILANESA
10,Carnes,7281201,ATUM FRESCO
10,Carnes,8571110,"CARNE COM BATATA, INHAME, BATATA BAROA OU AIPIM"
10,Carnes,8579218,PEIXE GRATINADO
10,Carnes,7280301,SASHIMI
10,Carnes,7801202,CORACAO DE FRANGO
10,Carnes,7807501,FRANGO A PASSARINHO
10,Carnes,7480101,TAMBAQUI
10,Carnes,7100301,ALCATRA
10,Carnes,7112901,JOELHO DE PORCO
10,Carnes,7803201,PE E ASA DE GALINHA OU FRANGO
10,Carnes,7112701,BIFE A ROLE
10,Carnes,7102102,BOFE BOVINO
10,Carnes,7800702,DRUMETE DE GALINHA OU FRANGO
10,Carnes,7102601,CUPIM
10,Carnes,8571113,"FRANGO COM LEGUMES (EXCETO BATATA,INHAME E AIPIM)"
10,Carnes,8508301,VACA ATOLADA
10,Carnes,8105001,MORTADELA LIGHT
10,Carnes,8103902,PELE DE PORCO PREPARADA
10,Carnes,7100201,CONTRAFILE
10,Carnes,7805401,PEITO DE PERU LIGHT
10,Carnes,8100802,COPA DE PORCO DEFUMADA
10,Carnes,7702707,FIAMBRE
10,Carnes,7702801,SALSICHA EM CONSERVA
10,Carnes,8579067,ENSOPADINHO DE CARNE COM LEGUMES E BATATA
10,Carnes,7107804,CHULETA
10,Carnes,7107206,BUCHO / DOBRADINHA ENSOPADO(A)
10,Carnes,7102402,DOBRADINHA FRESCA
10,Carnes,7107501,SUA SUINA
10,Carnes,7101001,MUSCULO BOVINO
10,Carnes,7480001,PACU
10,Carnes,7702601,CARNE BOVINA EM CONSERVA
10,Carnes,8571111,"CARNE COM LEGUMES (EXCETO BATATA, INHAME E AIPIM)"
10,Carnes,8579065,CARNE ENSOPADA COM LEGUMES E BATATA
10,Carnes,8506303,GALINHADA COM PEQUI
10,Carnes,7702603,KITUTE BOVINO
10,Carnes,8581602,STROGONOFF / ESTROGONOFE DE CARNE
10,Carnes,7103303,COSTELETA
10,Carnes,7280501,FILE DE PEIXE
10,Carnes,7800901,PE DE GALINHA OU FRANGO
10,Carnes,7262101,CARANGUEJO
10,Carnes,7103301,CARRE
10,Carnes,7800801,PESCOCO DE GALINHA OU FRANGO
10,Carnes,7103101,MOCOTO BOVINO
10,Carnes,7801301,FIGADO DE GALINHA OU FRANGO
10,Carnes,8103003,HAMBURGUER DE PEIXE
10,Carnes,8579050,BIFE A PARMEGIANA
10,Carnes,8508306,CARNE DE SOL ATOLADA
10,Carnes,8579115,CARNE LOUCA / MALUCA
10,Carnes,7280102,CEVICHE DE PEIXE
10,Carnes,8579009,ENSOPADINHO DE CARNE COM LEGUMES
10,Carnes,8579069,ENSOPADO DE CARNE COM LEGUMES E BATATA
10,Carnes,8506407,MOQUECA / MUQUECA DE PEIXE
10,Carnes,8579201,PACA ASSADA A PURURUCA
10,Carnes,7702302,PASTA DE CARNE EM CONSERVA
10,Carnes,8579210,PEIXE ENSOPADO COM BATATAS
10,Carnes,8579211,PEIXE ENSOPADO COM LEGUMES E BATATA
10,Carnes,8579236,QUIBE CRU
10,Carnes,8103903,LEITAO A PURURUCA
10,Carnes,7100303,MAMINHA
10,Carnes,7100304,PICANHA
10,Carnes,7802702,TENDER
10,Carnes,7101011,VAZIO (CARNE BOVINA)
10,Carnes,7107603,CARNE DE PACA
10,Carnes,7105203,MOCOTO SUINO / MOCOTO DE PORCO
10,Carnes,7803907,PATO EM PEDACOS
10,Carnes,7105103,SARRABULHO
10,Carnes,7107615,CARNE DE CAPIVARA
10,Carnes,7803913,CARNE DE PATO
10,Carnes,7101901,CORACAO BOVINO
10,Carnes,7267101,LAGOSTA
10,Carnes,7100608,LOMBO PAULISTA (CARNE BOVINA)
10,Carnes,7265101,LULA
10,Carnes,7266101,SURURU
10,Carnes,7281501,STEAK DE PEIXE
10,Carnes,7113401,MEDALHOES BOVINOS
10,Carnes,7807602,ROLE DE FRANGO OU GALINHA
10,Carnes,8508302,ATOLADO DE CARNE MOIDA
10,Carnes,7706302,ATUM EM CONSERVA LIGHT
10,Carnes,8505603,BOBO DE FRANGO OU GALINHA
10,Carnes,8579109,CARNE DE SOL COM LEGUMES
10,Carnes,8508303,COSTELA COM AIPIM / MACAXEIRA / MANDIOCA
10,Carnes,8508304,COSTELA COM BATATA
10,Carnes,8579008,COSTELA COM LEGUMES
10,Carnes,8579140,ENTREVERO DE PINHAO
10,Carnes,8579149,FRANGO OU GALINHA COM PEQUI
10,Carnes,8579153,FRANGO OU GALINHA COM QUIABO
10,Carnes,8579158,FRANGO OU GALINHA XADREZ
10,Carnes,8506302,GALINHADA CAIPIRA
10,Carnes,8579177,LOMBO RECHEADO COM LINGUICA
10,Carnes,8506404,MOQUECA / MUQUECA DE CAMARAO
10,Carnes,8579207,PEIXE A PARMEGIANA
10,Carnes,8579209,PEIXE ASSADO COM LEGUMES E BATATAS
10,Carnes,8579235,QUIBE ASSADO / QUIBE DE FORNO
10,Carnes,8579012,REFOGADINHO DE CARNE COM LEGUMES
10,Carnes,7280401,TARTARE DE SALMAO
10,Carnes,7480201,TUCUNARE
10,Carnes,8102401,CHOURICO
10,Carnes,7101202,FRALDINHA (CAPA DE FILE)
10,Carnes,7113001,KAFTA
10,Carnes,7803703,CAPOTE
10,Carnes,7803707,MUTUM
10,Carnes,7110902,OSSADA
10,Carnes,7101014,OSSOBUCO
10,Carnes,8102501,PAIO
10,Carnes,7103907,SARAPATEL SUINO FRESCO
10,Carnes,7107617,CARNE DE COTIA
10,Carnes,7102403,FATO BOVINO
10,Carnes,7102404,FATO CAPRINO
10,Carnes,8102402,MORCELA
10,Carnes,8103901,PURURUCA DE PORCO
10,Carnes,7105403,CARNE CAPRINA
10,Carnes,7105401,CARNE DE CABRITO
10,Carnes,7113201,LOMBINHO
10,Carnes,8579040,BACALHOADA
10,Carnes,8505601,BOBO DE CAMARAO
10,Carnes,8579079,CAMARAO COM MOLHO BRANCO
10,Carnes,8579086,CAMARAO ENSOPADO COM CHUCHU / LEGUMES
10,Carnes,8579099,CARNE RECHEADA COM LEGUMES E OU LINGUICA
10,Carnes,8579066,CARNE REFOGADA COM LEGUMES E BATATA
10,Carnes,8579138,ENSOPADINHO DE LINGUICA COM BATATA
10,Carnes,8579167,LAGARTO RECHEADO COM CENOURA
10,Carnes,8506406,MOQUECA / MUQUECA DE LAGOSTA
10,Carnes,8506408,MOQUECA / MUQUECA NAO ESPECIFICADA
10,Carnes,8579196,MUJICA / MOJICA DE PEIXE
10,Carnes,8579205,PATO NO TUCUPI
10,Carnes,8579206,PEIXADA
10,Carnes,8579213,PEIXE ASSADO RECHEADO COM FAROFA
10,Carnes,8579242,RABADA COM AGRIAO E BATATA
10,Carnes,8579017,REFOGADINHO DE FRANGO OU GALINHA COM LEGUMES
10,Carnes,8582303,ROCAMBOLE DE FRANGO OU GALINHA
10,Carnes,8581601,STROGONOFF / ESTROGONOFE DE CAMARAO
10,Carnes,7101801,VISCERA BOVINA
10,Carnes,7807702,"GANSO, CARNE NAO ESPECIFICADO"
10,Carnes,7803908,PEITO DE PATO
10,Carnes,7180001,ROSBIFE
10,Carnes,7263101,MARISCO
10,Carnes,7801001,MIUDO DE GALINHA OU FRANGO
10,Carnes,7103903,MIUDO SUINO / MIUDO DE PORCO
10,Carnes,7803702,GALINHA DANGOLA
10,Carnes,7104601,FIGADO SUINO / FIGADO DE PORCO
10,Carnes,7802801,NAMBU
10,Carnes,7102001,RIM BOVINO
10,Carnes,7261101,SIRI
10,Carnes,8579095,CARIBEU (CARNE SECA COM MANDIOCA)
10,Carnes,8579106,CARNE SUINA / CARNE DE PORCO COM LEGUMES
10,Carnes,8579139,ENSOPADINHO DE LINGUICA COM LEGUMES
10,Carnes,8579161,FRIGIDEIRA DE PEIXE
10,Carnes,8579176,LOMBO RECHEADO COM LEGUMES
10,Carnes,8579185,MAO DE VACA
10,Carnes,8579186,MARISCADA
10,Carnes,8506401,MOQUECA / MUQUECA BAIANA
10,Carnes,8579219,PEIXE COM CAMARAO
10,Carnes,7104602,FIGADO SUINO / FIGADO DE PORCO  (BIFE)
10,Carnes,8508305,ATOLADO DE CARNE SECA
10,Carnes,7264101,OSTRA
10,Carnes,7702502,PASTA DE GALINHA EM CONSERVA
10,Carnes,8102801,BLANQUET DE PERU
10,Carnes,7703902,PASTA DE PEIXE EM CONSERVA
10,Carnes,7806201,CARNE MOIDA DE FRANGO
10,Carnes,8579281,TEMPURA DE CAMARAO
10,Carnes,7113402,TORNEDOR BOVINO
10,Carnes,7705901,KANI KAMA
10,Carnes,7274101,POLVO
10,Carnes,8579088,CAMARAO NA ABOBORA / MORANGA
10,Carnes,8579230,POLPETTONE / POLPETONE
10,Carnes,7113501,VITELA
10,Carnes,8579078,CAMARAO COM CATUPIRY
10,Carnes,8579123,CASQUINHA DE SIRI
10,Carnes,8579142,FILE DE PEIXE AO CREME
10,Carnes,8579154,FRANGO OU GALINHA NO TUCUPI
10,Carnes,8579168,LAGARTO RECHEADO COM LINGUICA
10,Carnes,8506405,MOQUECA / MUQUECA DE FRUTOS DO MAR
10,Carnes,7706001,SALMAO EM CONSERVA
10,Carnes,7112502,CORDEIRO
10,Carnes,7267104,LAGOSTIM
10,Carnes,8579141,FILE DE PEIXE A PARMEGIANA
10,Carnes,8579151,FRANGO OU GALINHA DE CABIDELA
10,Carnes,8579159,FRICASSE DE CARNE MOIDA
10,Carnes,8579166,JARDINEIRA DE LEGUMES COM CARNE
10,Carnes,8579175,LINGUA BOVINA RECHEADA COM LEGUMES
10,Carnes,8579190,MATAMBRE RECHEADO
10,Carnes,7105001,ORELHA SUINA FRESCA
10,Carnes,8579290,XINXIM DE BOFE
10,Carnes,7806002,"MARRECO, CARNE NAO ESPECIFICADO"
10,Carnes,7100607,PAULISTA
10,Carnes,7103403,QUARTO SUINO
10,Carnes,7105801,MOCOTO DE CAPRINO
10,Carnes,7281401,FRUTOS DO MAR
10,Carnes,7100502,CABECA DE LOMBO (CARNE BOVINA)
10,Carnes,7702402,PASTA DE PRESUNTO EM CONSERVA
11,Ovos,7803301,OVO DE GALINHA
11,Ovos,7803501,OVO DE CODORNA
11,Ovos,8506501,OMELETE
11,Ovos,7807101,OVO CLARA
11,Ovos,8506505,OMELETE COM LEGUMES
11,Ovos,7807301,OVOS MEXIDOS
11,Ovos,8506509,OMELETE COM QUEIJO E PRESUNTO
11,Ovos,7807401,OVOS MOLES
11,Ovos,7807201,OVO GEMA
11,Ovos,8506502,TORTILHA
11,Ovos,8506503,OMELETE COM CARNE
11,Ovos,8506511,OVO BENEDICT
12,Laticínios,8500506,VITAMINA DE ABACATE
12,Laticínios,7900101,LEITE DE VACA INTEGRAL
12,Laticínios,7900601,LEITE EM PO INTEGRAL
12,Laticínios,7902403,QUEIJO RALADO
12,Laticínios,7901201,IOGURTE DE QUALQUER SABOR
12,Laticínios,7903901,IOGURTE DE QUALQUER SABOR LIGHT
12,Laticínios,7901204,IOGURTE NATURAL
12,Laticínios,7980101,KEFIR
12,Laticínios,7903601,LEITE DE VACA DESNATADO
12,Laticínios,7900201,LEITE DE VACA FRESCO
12,Laticínios,7903702,LEITE DE VACA SEMIDESNATADO
12,Laticínios,7901304,LEITE FERMENTADO
12,Laticínios,7903801,LEITE NAO ESPECIFICADO PASTEURIZADO
12,Laticínios,7980001,LEITE SEM LACTOSE
12,Laticínios,8502301,"MINGAU (FUBA, AVEIA, FARINHA, ETC)"
12,Laticínios,6500108,MINGAU DE ARROZ
12,Laticínios,6500616,MINGAU DE MAIZENA
12,Laticínios,6500614,MINGAU DE MILHO
12,Laticínios,7902005,QUEIJO DE COALHO
12,Laticínios,7901705,QUEIJO DE COLONIA
12,Laticínios,7901801,QUEIJO MUZARELLA
12,Laticínios,7903001,QUEIJO NAO ESPECIFICADO
12,Laticínios,7901701,QUEIJO PRATO
12,Laticínios,7902901,REQUEIJAO
12,Laticínios,8500501,VITAMINA
12,Laticínios,8500510,VITAMINA DE FRUTA COM LEITE E CEREAL
12,Laticínios,8500505,VITAMINA DE MAMAO
12,Laticínios,8500508,VITAMINA MISTA
12,Laticínios,7901001,CREME DE LEITE
12,Laticínios,7901303,BEBIDA LACTEA
12,Laticínios,7901401,COALHADA
12,Laticínios,7904001,IOGURTE DE QUALQUER SABOR DIET
12,Laticínios,7901203,IOGURTE DESNATADO
12,Laticínios,7900801,LEITE EM PO
12,Laticínios,7900710,LEITE EM PO DESNATADO
12,Laticínios,6500617,MINGAU DE NESTON
12,Laticínios,6500105,MUCILON
12,Laticínios,7901803,MUSSARELA / MUCARELA
12,Laticínios,7902001,QUEIJO DE MINAS
12,Laticínios,7906501,REQUEIJAO LIGHT
12,Laticínios,8500503,VITAMINA DE BANANA
12,Laticínios,7901301,YAKULT DE QUALQUER SABOR
12,Laticínios,7901809,QUEIJO DE BUFALA
12,Laticínios,7905104,QUEIJO MUSSARELA / MUCARELA LIGHT
12,Laticínios,8500504,VITAMINA DE BANANA COM AVEIA
12,Laticínios,8500509,VITAMINA DE MACA
12,Laticínios,8500507,VITAMINA DE MORANGO
12,Laticínios,7901703,QUEIJO COLONIAL
12,Laticínios,6500801,CREMOGEMA
12,Laticínios,7903201,NATA DOCE OU SALGADA
12,Laticínios,7902008,QUEIJO CANASTRA
12,Laticínios,7902003,QUEIJO DE MANTEIGA
12,Laticínios,7901901,QUEIJO DE REINO
12,Laticínios,7906401,QUEIJO POLENGUINHO LIGHT
12,Laticínios,7902501,QUEIJO PROVOLONE
12,Laticínios,7902201,QUEIJO RICOTA
12,Laticínios,7902902,QUEIJO CREMOSO
12,Laticínios,7906005,QUEIJO DE COALHO LIGHT
12,Laticínios,7906001,QUEIJO DE MINAS LIGHT
12,Laticínios,7902801,QUEIJO POLENGUINHO
12,Laticínios,7906201,QUEIJO RICOTA LIGHT
12,Laticínios,7900301,LEITE DE CABRA
12,Laticínios,7902004,QUECHIMIA
12,Laticínios,7906601,QUEIJO NAO ESPECIFICADO LIGHT
12,Laticínios,7905901,QUEIJO PRATO LIGHT
12,Laticínios,8500511,VITAMINA DE MANGA
12,Laticínios,7901807,MUSSARELA / MUCARELA DE BUFALA
12,Laticínios,6500615,MINGAU DE CHOCOLATE
12,Laticínios,6500101,CREME DE ARROZ
12,Laticínios,7903301,QUEIJO GORGONZOLA
12,Laticínios,7905601,CREME DE LEITE LIGHT
12,Laticínios,7905103,MUSSARELA / MUCARELA LIGHT
13,Doces,6906602,ACUCAR
13,Doces,6900821,ACHOCOLATADO EM PO
13,Doces,6901701,GELATINA DE QUALQUER SABOR
13,Doces,6902601,PUDIM DE QUALQUER SABOR
13,Doces,6901602,MEL
13,Doces,6901801,ADOCANTE ARTIFICIAL
13,Doces,6914003,ADOCANTE LIQUIDO LIGHT
13,Doces,6900603,BALA
13,Doces,6907201,BARRA DE CEREAIS
13,Doces,6900702,BARRA DE CHOCOLATE
13,Doces,6900901,BOMBOM DE QUALQUER MARCA
13,Doces,6903601,BRIGADEIRO
13,Doces,8501903,CANJICA
13,Doces,8507601,CHOCOLATE
13,Doces,6900801,CHOCOLATE EM PO DE QUALQUER MARCA
13,Doces,6900703,"CHOCOLATE, TABLETE NAO ESPECIFICADO"
13,Doces,6900710,"CHOCOLATE, TABLETE, AO LEITE"
13,Doces,8006102,CREPE / PANQUECA DOCE
13,Doces,6901201,DOCE DE FRUTAS EM PASTA DE QUALQUER SABOR
13,Doces,6904301,DOCE DE LEITE
13,Doces,6916401,DOCES (CONFEITARIA) NAO ESPECIFICADO
13,Doces,6901211,GOIABADA
13,Doces,7900901,LEITE CONDENSADO
13,Doces,6907501,MILK SHAKE
13,Doces,6901002,MOUSSE
13,Doces,6904202,PAVE DE QUALQUER SABOR
13,Doces,6915302,PUDIM DE CHOCOLATE
13,Doces,6915304,PUDIM DE LEITE
13,Doces,6903901,QUEIJADINHA
13,Doces,6907401,RABANADA
13,Doces,6904601,SCHIMIER  / CHIMIA DE FRUTA (EXCETO DE CANA)
13,Doces,6900501,SORVETE DE QUALQUER SABOR INDUSTRIALIZADO
13,Doces,6900701,TABLETE DE CHOCOLATE
13,Doces,6901501,MELADO
13,Doces,6900304,ACUCAR MASCAVO
13,Doces,6906001,ARROZ-DOCE
13,Doces,6900616,BALA DE GOMA
13,Doces,6900601,CHICLETES
13,Doces,6900714,"CHOCOLATE, TABLETE, MEIO AMARGO"
13,Doces,6902910,CUSCUZ COM LEITE
13,Doces,6980001,DOCE DE ABOBORA
13,Doces,6901101,GELEIA DE MOCOTO
13,Doces,6904807,"GELINHO, SACOLE"
13,Doces,6904204,LEITE GELEIFICADO
13,Doces,6916501,MACA DO AMOR
13,Doces,6902004,MERENGUE
13,Doces,8501902,MUNGUNZA
13,Doces,6903203,PACOCA
13,Doces,6900502,PICOLE DE QUALQUER SABOR INDUSTRIALIZADO
13,Doces,8500938,PIZZA DOCE DE QUALQUER SABOR
13,Doces,6900401,RAPADURA
13,Doces,6900904,TRUFA
13,Doces,6900617,BALA DE FRUTA
13,Doces,6903701,BOMBA DE QUALQUER TIPO
13,Doces,6903101,COCADA
13,Doces,8013801,CROISSANT COM RECHEIO DOCE
13,Doces,6904802,DIN DIN
13,Doces,6903201,DOCE DE AMENDOIM
13,Doces,6901231,DOCE DE BANANA EM PASTA
13,Doces,6903802,DOCE DE MASSA FOLHADA
13,Doces,6903001,MARIA MOLE
13,Doces,6912801,MILK SHAKE DIET
13,Doces,6905801,OVO DE PASCOA
13,Doces,6915310,PUDIM FLAN
13,Doces,6900507,SORVETE DE PALITO
13,Doces,6914002,ADOCANTE EM PO LIGHT
13,Doces,6901301,DOCE DE FRUTAS EM CALDA DE QUALQUER SABOR
13,Doces,6913901,GELATINA DE QUALQUER SABOR LIGHT / DIET
13,Doces,6903205,PACOQUINHA DE AMENDOIM
13,Doces,6901240,BANANADA
13,Doces,6901001,GELEIA DE FRUTAS DE QUALQUER MARCA OU SABOR
13,Doces,6907001,ACUCAR LIGHT
13,Doces,6912501,BARRA DE CEREAIS DIET
13,Doces,6907203,BARRA DE CEREAIS DOCE
13,Doces,8006108,CREPE / PANQUECA DE NUTELLA
13,Doces,6902902,CUSCUZ DE TAPIOCA
13,Doces,6902607,DANETTE PUDIM
13,Doces,6910701,DOCE DE FRUTAS EM BARRA OU PASTA LIGHT
13,Doces,6910605,GELEIA DE FRUTAS LIGHT
13,Doces,8507701,GEMADA
13,Doces,6900610,JUJUBA
13,Doces,7900903,LEITE BEIJINHO
13,Doces,6916601,MARRON GLACE
13,Doces,6902209,MARSHMALLOW
13,Doces,6904302,MUMU
13,Doces,6905606,NUTELLA
13,Doces,6913103,PACOCA DIET
13,Doces,6901203,PASTA DE AMENDOIM
13,Doces,6903202,PE DE MOLEQUE
13,Doces,6915306,PUDIM DE PAO
13,Doces,6904105,QUINDIM
13,Doces,6501515,SAGU DE TAPIOCA
13,Doces,6902301,SCHIMIER  / CHIMIA DE CANA
13,Doces,8080103,TAPIOCA DOCE RECHEADA
13,Doces,6910321,ACHOCOLATADO EM PO DIET
13,Doces,6910221,ACHOCOLATADO EM PO LIGHT
13,Doces,6900301,ACUCAR DEMERARA
13,Doces,6915602,BANANA CARAMELADA
13,Doces,6904104,CACAROLA ITALIANA
13,Doces,6905001,CHURRO
13,Doces,8501906,CURAU DE MILHO
13,Doces,6902911,CUSCUZ COM LEITE DE COCO
13,Doces,6901209,FIGADA
13,Doces,6910601,GELEIA DE FRUTAS DE QUALQUER MARCA OU SABOR LIGHT
13,Doces,6901206,MARMELADA
13,Doces,6904801,PICOLE ENSACADO
13,Doces,6910002,BARRA DE CHOCOLATE LIGHT
13,Doces,6915902,CALDA DE CHOCOLATE
13,Doces,6904205,CHANDELE DE QUALQUER SABOR
13,Doces,8501904,CURAU
13,Doces,6915905,EXTRATO DE MALTE
13,Doces,6907901,GELEIA DIET
13,Doces,6917001,PASTEL DE NATA
13,Doces,6900607,PIRULITO
13,Doces,6914901,SORVETE A BASE DE IOGURTE
13,Doces,6903209,AMENDOIM ACHOCOLATADO
13,Doces,6912502,BARRA DE CEREAIS DOCE DIET
13,Doces,8006105,CREPE / PANQUECA DE FRUTA COM ACUCAR E CANELA
13,Doces,6910604,GELEIA LIGHT
13,Doces,6905603,IOIO CREME (CHOCOLATE EM CREME)
13,Doces,8006103,CREPE / PANQUECA DE CHOCOLATE
13,Doces,6904201,DOCE A BASE DE LEITE
13,Doces,6915801,CAJUZINHO
13,Doces,6900711,"CHOCOLATE, TABLETE, AO LEITE, RECHEADO"
13,Doces,8006107,CREPE / PANQUECA DE GELEIA
13,Doces,6903204,TORRAO DE AMENDOIM
13,Doces,6980101,DELICIA DE ABACAXI
13,Doces,6916901,PASTEL COM RECHEIO DOCE
13,Doces,8579266,SAGU AO VINHO TINTO
13,Doces,6900712,"CHOCOLATE, TABLETE, BRANCO"
13,Doces,6913001,COCADA DIET
13,Doces,6902701,MANJAR
13,Doces,6915001,SORVETE DE CASQUINHA / CONE
13,Doces,6904203,AMBROSIA
13,Doces,8013701,CHEESECAKE
13,Doces,6913801,DOCE A BASE DE LEITE DIET
13,Doces,6901401,DOCE DE FRUTAS CRISTALIZADO DE QUALQUER SABOR
13,Doces,6900818,OVOMALTINE
13,Doces,6915308,PUDIM DE SORVETE
13,Doces,6900819,OVOMALTINE EM PO
13,Doces,6908501,SUSPIRO
13,Doces,6915603,BANANA FLAMBADA
13,Doces,6915702,BANANINHA COM CHOCOLATE
13,Doces,6904101,DOCE A BASE DE OVOS
13,Doces,6901224,MARIOLA
13,Doces,6904804,CHUPE CHUPE
13,Doces,6905901,TORRONE
13,Doces,6900605,DROPS
13,Doces,6900604,CARAMELO (BALA)
13,Doces,6915101,SORVETE SUNDAE
13,Doces,6900706,CONFETE
13,Doces,6900609,GOMA DE MASCAR
13,Doces,8013303,PROFITEROLES (COM RECHEIO E COBERTURA DE CHOCOLATE)
13,Doces,6903207,AMENDOIM CARAMELIZADO
13,Doces,6900615,BALA DE COCO
13,Doces,6910102,BARRA DE CHOCOLATE DIET
13,Doces,6903801,MIL FOLHAS
13,Doces,6903102,QUEBRA QUEIXO
13,Doces,6900713,"CHOCOLATE, TABLETE, BRANCO, RECHEADO"
13,Doces,6901204,PESSEGADA
13,Doces,6909901,CHICLETE DIET
13,Doces,6910702,DOCE DE FRUTAS EM PASTA LIGHT
13,Doces,6909601,SORVETE DE QUALQUER SABOR INDUSTRIALIZADO LIGHT
13,Doces,6917301,TOUCINHO DO CEU
13,Doces,6900403,BATIDA (RAPADURA)
13,Doces,6900606,PASTILHA
13,Doces,6909701,SORVETE DE QUALQUER SABOR INDUSTRIALIZADO DIET
13,Doces,6916201,DOCE ARABE
13,Doces,6903002,BABA DE MOCA
13,Doces,6900716,"CHOCOLATE, TABLETE, RECHEADO NAO ESPECIFICADO"
13,Doces,8006104,CREPE / PANQUECA DE DOCE DE LEITE
13,Doces,6916801,OLHO DE SOGRA
13,Doces,6915904,"CALDA SABOR FRUTA (MORANGO, ETC)"
13,Doces,6916101,CREME BRULE
13,Doces,6908001,DOCE DE FRUTAS DIET
13,Doces,6900402,ALFENIM DE CANA
13,Doces,6911301,DOCE DE LEITE DIET
13,Doces,6905804,KINDER OVO
14,Óleos e gorduras,7901602,MARGARINA COM OU SEM SAL
14,Óleos e gorduras,8400101,AZEITE DE OLIVA
14,Óleos e gorduras,7004301,MAIONESE (MOLHO)
14,Óleos e gorduras,7901501,MANTEIGA COM OU SEM SAL
14,Óleos e gorduras,7700101,AZEITONA
14,Óleos e gorduras,8101005,BACON
14,Óleos e gorduras,7907101,MANTEIGA COM OU SEM SAL LIGHT
14,Óleos e gorduras,7901505,MANTEIGA DE GARRAFA
14,Óleos e gorduras,7904201,MARGARINA LIGHT
14,Óleos e gorduras,8403601,OLEO DE COCO
14,Óleos e gorduras,7003801,LEITE DE COCO
14,Óleos e gorduras,7010401,MAIONESE (MOLHO) LIGHT
14,Óleos e gorduras,8400401,OLEO DE MILHO
14,Óleos e gorduras,8500210,TORRESMO
14,Óleos e gorduras,7103801,TOUCINHO
14,Óleos e gorduras,8400301,OLEO DE SOJA
15,Bebidas,8216301,AGUA
15,Bebidas,8201004,AGUA MINERAL
15,Bebidas,8501302,CAFE
15,Bebidas,8501303,CAFE COM LEITE
15,Bebidas,8202801,CHA MATE
15,Bebidas,8217001,SUCO NATURAL DE FRUTA
15,Bebidas,8216201,SUCO VERDE
15,Bebidas,8206301,"CHA (PRETO, CAMOMILA, ERVA CIDREIRA, CAPIM LIMAO, ET"
15,Bebidas,8500604,REFRESCO DE LARANJA
15,Bebidas,8500602,REFRESCO DE CAJU
15,Bebidas,8500401,SUCO
15,Bebidas,8500407,SUCO DE LARANJA
15,Bebidas,7902303,ADES ORIGINAL
15,Bebidas,8280001,AGUA COM LIMAO OU OUTRAS FRUTAS/ HORTALICAS
15,Bebidas,8202101,AGUA DE COCO
15,Bebidas,8201005,AGUA MINERAL SEM GAS
15,Bebidas,7903110,BEBIDA ACHOCOLATADA
15,Bebidas,8205901,BEBIDA ENERGETICA
15,Bebidas,8300101,CERVEJA
15,Bebidas,8205201,"CHA DIET (PRETO, CAMOMILA, ERVA CIDREIRA, CAPIM LIMA"
15,Bebidas,8202701,CHA PRETO
15,Bebidas,8213301,"CHA VERDE, CHA BRANCO, CHA VERMELHO"
15,Bebidas,8215901,"CHA, ERVAS NAO ESPECIFICADO"
15,Bebidas,8300201,CHOPP
15,Bebidas,8200102,COCA COLA TRADICIONAL
15,Bebidas,8200202,FANTA LARANJA TRADICIONAL
15,Bebidas,8207402,GUARANA DIET
15,Bebidas,7903102,LEITE ACHOCOLATADO
15,Bebidas,7906802,LEITE ACHOCOLATADO DIET
15,Bebidas,8301901,LICOR DE QUALQUER SABOR
15,Bebidas,8216601,LIMONADA
15,Bebidas,8202402,Q-SUCO
15,Bebidas,8500601,REFRESCO
15,Bebidas,8200308,REFRESCO DE GUARANA NATURAL
15,Bebidas,8500609,REFRESCO TANG
15,Bebidas,8200101,REFRIGERANTE DE COLA TRADICIONAL
15,Bebidas,8207401,REFRIGERANTE DE GUARANA DIET
15,Bebidas,8200301,REFRIGERANTE DE GUARANA TRADICIONAL
15,Bebidas,8305701,"SIDRA COM FRUTAS, CIDRA COM FRUTAS"
15,Bebidas,8500402,SUCO DE ABACAXI
15,Bebidas,8500403,SUCO DE ACEROLA
15,Bebidas,8280201,SUCO DE CAJA/ MANGABA/ TAPEREBA E OUTROS REGIONAIS
15,Bebidas,8500406,SUCO DE GOIABA
15,Bebidas,8500413,SUCO DE MANGA
15,Bebidas,8500414,SUCO DE MARACUJA
15,Bebidas,8280501,SUCO DE UVA
15,Bebidas,8202805,TERERE
15,Bebidas,6900822,TODDYNHO
15,Bebidas,8302415,VINHO
15,Bebidas,8501305,CAFE TIPO CAPUCCINO
15,Bebidas,8501304,CAFE TIPO EXPRESSO
15,Bebidas,8202804,CHIMARRAO
15,Bebidas,7903101,LEITE COM SABOR
15,Bebidas,8500606,REFRESCO DE LIMAO
15,Bebidas,8200211,REFRIGERANTE DE LARANJA TRADICIONAL
15,Bebidas,8200411,REFRIGERANTE DE LIMAO TRADICIONAL
15,Bebidas,8203501,REFRIGERANTE NAO ESPECIFICADO
15,Bebidas,8500404,SUCO DE BETERRABA
15,Bebidas,8500412,SUCO DE MAMAO
15,Bebidas,8500416,SUCO DE MORANGO
15,Bebidas,8280401,SUCO DE TAMARINDO
15,Bebidas,8280101,SUCO INDUSTRIALIZADO
15,Bebidas,8217201,"SUCO NATURAL, MISTURA DE FRUTAS"
15,Bebidas,8501308,CAFE CARIOCA
15,Bebidas,8200507,REFRIGERANTE DE UVA TRADICIONAL
15,Bebidas,8200407,SPRITE REFRIGERANTE TRADICIONAL
15,Bebidas,8500405,SUCO DE CUPUACU
15,Bebidas,8500415,SUCO DE MELAO
15,Bebidas,8216101,SUCO DETOX
15,Bebidas,8201007,AGUA MINERAL COM GAS
15,Bebidas,8300302,CACHACA
15,Bebidas,8501309,CAFE COM SUBSTITUTO DO LEITE
15,Bebidas,8203603,CEVADA EM PO
15,Bebidas,7906702,LEITE ACHOCOLATADO LIGHT
15,Bebidas,8201104,MATE TRADICIONAL
15,Bebidas,8201802,TUBAINA TRADICIONAL
15,Bebidas,8280301,SUCO DE MELANCIA
15,Bebidas,8216001,SUCO COUVE
15,Bebidas,8204902,AGUA TONICA TRADICIONAL
15,Bebidas,8300501,BATIDA DE QUALQUER SABOR
15,Bebidas,8501306,CAFE CAPPUCINO DESCAFEINADO
15,Bebidas,8501307,CAFE CAPPUCINO LIGHT / DIET
15,Bebidas,8501310,CAFE DESCAFEINADO
15,Bebidas,8302409,CAJUINA
15,Bebidas,8202001,CALDO DE CANA
15,Bebidas,8204503,CHOCOMILK
15,Bebidas,8205803,GATORADE
15,Bebidas,6905702,GUARANA EM PO
15,Bebidas,8200302,GUARANA TRADICIONAL
15,Bebidas,8216501,ICE TEA TRADICIONAL
15,Bebidas,7903109,LEITE AROMATIZADO
15,Bebidas,7902301,LEITE DE SOJA COM SABOR
15,Bebidas,7903501,LEITE DE SOJA EM PO
15,Bebidas,7906901,LEITE DE SOJA EM PO LIGHT
15,Bebidas,8200801,REFRIGERANTE DE COLA DIET
15,Bebidas,8500410,SUCO DE LARANJA E CENOURA
15,Bebidas,8500417,SUCO DE PESSEGO
15,Bebidas,8217101,SUCO NATURAL DE VEGETAIS
15,Bebidas,8217301,"SUCO NATURAL, MISTURA DE FRUTAS E VEGETAIS"
15,Bebidas,8205805,BEBIDA ISOTONICA
15,Bebidas,8501311,CAFE EXPRESSO DESCAFEINADO
15,Bebidas,8215801,"CHA VERDE, BRANCO OU VERMELHO DIET OU LIGHT"
15,Bebidas,8205801,ENERGETICO
15,Bebidas,8200505,FANTA UVA TRADICIONAL
15,Bebidas,8202002,GARAPA
15,Bebidas,8216701,SUBSTITUTO DE CAFE NAO ESPECIFICADO
15,Bebidas,8500408,SUCO DE LARANJA COM BANANA
15,Bebidas,8500409,SUCO DE LARANJA E BETERRABA
15,Bebidas,8201015,AGUA MINERAL GASEIFICADA COM SUMO DE FRUTA
15,Bebidas,8303501,BEBIDA ALCOOLICA
15,Bebidas,8302901,COQUETEL DE FRUTAS
15,Bebidas,7906801,LEITE COM SABOR DIET
15,Bebidas,8500607,REFRESCO CLIGHT
15,Bebidas,8500605,REFRESCO DE MARACUJA
15,Bebidas,8213601,SUCO DE CLOROFILA
15,Bebidas,8500411,SUCO DE LARANJA CENOURA E BETERRABA
15,Bebidas,8305901,VINHO SEM ALCOOL
15,Bebidas,8207501,REFRIGERANTE DE LIMAO LIGHT
15,Bebidas,8500608,REFRESCO DE GUARANA NATURAL LIGHT / DIET
15,Bebidas,8217401,TAMPICO
15,Bebidas,8200702,COCA COLA LIGHT
15,Bebidas,8201601,REFRIGERANTE DE GUARANA LIGHT
15,Bebidas,8301002,WHISKY
15,Bebidas,8201017,"BEBIDA REFRIGERANTE, TIPO H2O"
15,Bebidas,8303101,CAIPIRINHA
15,Bebidas,8303301,CERVEJA SEM ALCOOL
15,Bebidas,8304901,COQUETEL DE FRUTAS COM ALCOOL
15,Bebidas,8301203,ESPUMANTE
15,Bebidas,8202403,Q-REFRESKO
15,Bebidas,8200701,REFRIGERANTE DE COLA LIGHT
15,Bebidas,8305501,SAKE / SAQUE
15,Bebidas,8305001,COQUETEL DE FRUTAS SEM ALCOOL
15,Bebidas,8201602,GUARANA LIGHT
15,Bebidas,8207601,REFRIGERANTE DE LIMAO DIET
15,Bebidas,8207701,REFRIGERANTE DE UVA DIET / LIGHT
15,Bebidas,8301001,UISQUE
15,Bebidas,8301301,VERMUTE
15,Bebidas,8300801,VODKA
15,Bebidas,8300301,AGUARDENTE
15,Bebidas,8300701,RUM
15,Bebidas,8305801,VINHO QUENTE
15,Bebidas,7906710,BEBIDA ACHOCOLATADA LIGHT
15,Bebidas,8303102,CAIPIVODKA
15,Bebidas,8500603,REFRESCO DE GROSELHA
15,Bebidas,8304601,QUENTAO
15,Bebidas,8301601,CONHAQUE
15,Bebidas,8215701,CHA PRETO DESCAFEINADO
15,Bebidas,8212802,MATE DIET
15,Bebidas,8305401,PONCHE COM FRUTAS
15,Bebidas,8200208,SUKITA TRADICIONAL
15,Bebidas,8211102,Q-SUCO DIET
15,Bebidas,8500418,SUCO DE PESSEGO EM CALDA
15,Bebidas,6910322,TODDYNHO DIET
15,Bebidas,8211002,Q-SUCO LIGHT
15,Bebidas,8212902,AGUA TONICA DIET
15,Bebidas,8302416,CATUABA
15,Bebidas,8305201,DRINK - MISTURA DE BEBIDAS
15,Bebidas,8201511,REFRIGERANTE DE LARANJA DIET
15,Bebidas,8301202,SIDRA CHAMPANHE
15,Bebidas,8202803,ERVA MATE
15,Bebidas,8209002,AGUA TONICA LIGHT
15,Bebidas,8301201,CHAMPANHE
15,Bebidas,8301701,DRINK DREHER
16,"Pizzas, salgados e sanduíches",8500202,"PASTEL (QUEIJO, CARNE, PALMITO, ETC)"
16,"Pizzas, salgados e sanduíches",8500363,PAO COM QUEIJO
16,"Pizzas, salgados e sanduíches",8500313,MISTO QUENTE OU FRIO
16,"Pizzas, salgados e sanduíches",8500336,PAO COM QUEIJO E PRESUNTO
16,"Pizzas, salgados e sanduíches",8500302,CACHORRO QUENTE
16,"Pizzas, salgados e sanduíches",8510101,CACHORRO QUENTE COMPLETO
16,"Pizzas, salgados e sanduíches",8505801,CUSCUZ PAULISTA
16,"Pizzas, salgados e sanduíches",8500206,"EMPADA (QUEIJO, CARNE, CAMARAO, ETC)"
16,"Pizzas, salgados e sanduíches",8505901,"EMPADAO (QUEIJO, FRANGO, CAMARAO, PALMITO, ETC)"
16,"Pizzas, salgados e sanduíches",8500227,ENROLADINHO
16,"Pizzas, salgados e sanduíches",8500303,HAMBURGUER (SANDUICHE)
16,"Pizzas, salgados e sanduíches",8500341,PAO COM CARNE ASSADA
16,"Pizzas, salgados e sanduíches",8500347,PAO COM CARNE DE PORCO
16,"Pizzas, salgados e sanduíches",8500337,PAO COM MORTADELA
16,"Pizzas, salgados e sanduíches",8570330,PAO COM OVO
16,"Pizzas, salgados e sanduíches",8500334,PAO COM SALAME
16,"Pizzas, salgados e sanduíches",8000801,PAO DE QUEIJO
16,"Pizzas, salgados e sanduíches",8509901,"PASTEL DE FORNO/ PASTEL ASSADO  (QUEIJO, CARNE, PALM"
16,"Pizzas, salgados e sanduíches",8500914,PIZZA CALABREZA
16,"Pizzas, salgados e sanduíches",8500917,PIZZA PORTUGUESA
16,"Pizzas, salgados e sanduíches",8500364,QUEIJO QUENTE
16,"Pizzas, salgados e sanduíches",8500201,SALGADINHO
16,"Pizzas, salgados e sanduíches",8500340,SANDUICHE DE CARNE ASSADA
16,"Pizzas, salgados e sanduíches",8500319,SANDUICHE DE MORTADELA
16,"Pizzas, salgados e sanduíches",8500333,SANDUICHE DE QUEIJO
16,"Pizzas, salgados e sanduíches",8500318,SANDUICHE DE QUEIJO PRATO COM PRESUNTO
16,"Pizzas, salgados e sanduíches",8500323,SANDUICHE NATURAL
16,"Pizzas, salgados e sanduíches",8500360,X-BACON
16,"Pizzas, salgados e sanduíches",8500362,X-TUDO
16,"Pizzas, salgados e sanduíches",8500205,COXINHA
16,"Pizzas, salgados e sanduíches",8500226,ESFIRRA DE FRANGO
16,"Pizzas, salgados e sanduíches",6502603,MINI PASTEL
16,"Pizzas, salgados e sanduíches",8500335,PAO COM PRESUNTO
16,"Pizzas, salgados e sanduíches",8580501,PAO COM TUCUMA
16,"Pizzas, salgados e sanduíches",8500903,PIZZA
16,"Pizzas, salgados e sanduíches",8500927,PIZZA DE QUEIJOS
16,"Pizzas, salgados e sanduíches",8500211,QUIBE
16,"Pizzas, salgados e sanduíches",8500207,"RISSOLE / RIZOLE  (QUEIJO, CARNE, CAMARAO, ETC)"
16,"Pizzas, salgados e sanduíches",8500317,SANDUICHE DE PRESUNTO
16,"Pizzas, salgados e sanduíches",8500315,SANDUICHE DE QUEIJO PRATO
16,"Pizzas, salgados e sanduíches",8582102,TORTA DE FRANGO OU GALINHA
16,"Pizzas, salgados e sanduíches",8003601,TORTAS SALGADAS DE QUALQUER SABOR
16,"Pizzas, salgados e sanduíches",8510301,X-SALADA
16,"Pizzas, salgados e sanduíches",8500307,BAURU
16,"Pizzas, salgados e sanduíches",8500339,PAO COM ATUM
16,"Pizzas, salgados e sanduíches",8500349,PAO COM FRANGO
16,"Pizzas, salgados e sanduíches",8500915,PIZZA MUCARELA / MUSSARELA
16,"Pizzas, salgados e sanduíches",8002101,ROSCA SALGADA
16,"Pizzas, salgados e sanduíches",8500332,SANDUICHE BAURU
16,"Pizzas, salgados e sanduíches",8500348,SANDUICHE DE FRANGO
16,"Pizzas, salgados e sanduíches",8582109,TORTA DE PEIXE / ATUM / SARDINHA
16,"Pizzas, salgados e sanduíches",8500228,BOLINHO DE AIPIM
16,"Pizzas, salgados e sanduíches",8500223,ESFIRRA DE CARNE
16,"Pizzas, salgados e sanduíches",8500932,PIZZA DE FRANGO COM CATUPIRY
16,"Pizzas, salgados e sanduíches",8500331,"SANDUICHE PRESUNTO, QUEIJO E TOMATE"
16,"Pizzas, salgados e sanduíches",8080104,TAPIOCA RECHEADA COM CARNE E QUEIJO
16,"Pizzas, salgados e sanduíches",8080102,TAPIOCA RECHEIO NAO-ESPECIFICADO
16,"Pizzas, salgados e sanduíches",8500308,AMERICANO
16,"Pizzas, salgados e sanduíches",8579053,BOLINHA DE QUEIJO
16,"Pizzas, salgados e sanduíches",8505507,BOLO DE AIPIM / MANDIOCA / MACAXERA COM FRANGO OU GA
16,"Pizzas, salgados e sanduíches",8579057,BOLO DE BATATA COM FRANGO OU GALINHA
16,"Pizzas, salgados e sanduíches",8500328,CACHORRO QUENTE DE FORNO
16,"Pizzas, salgados e sanduíches",8500910,CALZONE
16,"Pizzas, salgados e sanduíches",8013901,CROISSANT COM RECHEIO SALGADO
16,"Pizzas, salgados e sanduíches",8500203,CROQUETE
16,"Pizzas, salgados e sanduíches",8500222,ESFIRRA
16,"Pizzas, salgados e sanduíches",8580401,PAO COM LINGUICA
16,"Pizzas, salgados e sanduíches",8500351,PAO COM PEITO DE PERU
16,"Pizzas, salgados e sanduíches",8510002,PASTEL DE FORNO INTEGRAL / PASTEL ASSADO INTEGRAL  (
16,"Pizzas, salgados e sanduíches",8500934,"PIZZA DE PEIXE (ATUM, SALMAO, SARDINHA)"
16,"Pizzas, salgados e sanduíches",8582301,ROCAMBOLE SALGADO
16,"Pizzas, salgados e sanduíches",8004813,ROSCA RECHEADA
16,"Pizzas, salgados e sanduíches",8570331,SANDUICHE DE OVO
16,"Pizzas, salgados e sanduíches",8500350,SANDUICHE DE PEITO DE PERU
16,"Pizzas, salgados e sanduíches",8500316,SANDUICHE DE SALAME
16,"Pizzas, salgados e sanduíches",8080105,TAPIOCA RECHEADA COM QUEIJO
16,"Pizzas, salgados e sanduíches",8080106,TAPIOCA SALGADA RECHEADA
16,"Pizzas, salgados e sanduíches",8582108,TORTA DE CAMARAO / FRUTOS DO MAR
16,"Pizzas, salgados e sanduíches",8579285,TRANCA SALGADA RECHEADA
16,"Pizzas, salgados e sanduíches",8104904,MINI CHICKEN EMPANADO
16,"Pizzas, salgados e sanduíches",8579055,BOLO DE BATATA COM CARNE
16,"Pizzas, salgados e sanduíches",8505804,CUSCUZ MINEIRO
16,"Pizzas, salgados e sanduíches",8500224,ESFIRRA DE QUEIJO
16,"Pizzas, salgados e sanduíches",8500343,PAO COM FILE
16,"Pizzas, salgados e sanduíches",8004403,PAO DE ALHO
16,"Pizzas, salgados e sanduíches",8011801,PAO DE BATATA RECHEADO
16,"Pizzas, salgados e sanduíches",8500356,SANDUICHE  VEGETARIANO
16,"Pizzas, salgados e sanduíches",8500320,SANDUICHE DE QUEIJO MINAS
16,"Pizzas, salgados e sanduíches",8505802,CUSCUZ DE ATUM
16,"Pizzas, salgados e sanduíches",8505805,CUSCUZ DE LEGUMES
16,"Pizzas, salgados e sanduíches",8505504,ESCONDIDINHO DE CARNE SECA
16,"Pizzas, salgados e sanduíches",8500355,PAO COM SARDINHA
16,"Pizzas, salgados e sanduíches",8006701,PAO DE QUEIJO LIGHT
16,"Pizzas, salgados e sanduíches",8582103,TORTA DE CARNE
16,"Pizzas, salgados e sanduíches",8582110,TORTA DE LEGUMES
16,"Pizzas, salgados e sanduíches",8505506,ESCONDIDINHO DE FRANGO OU GALINHA
16,"Pizzas, salgados e sanduíches",7802901,NUGGETS DE FRANGO
16,"Pizzas, salgados e sanduíches",8579059,BRUSCHETTA
16,"Pizzas, salgados e sanduíches",8500916,PIZZA PRESUNTO
16,"Pizzas, salgados e sanduíches",8506801,QUICHE
16,"Pizzas, salgados e sanduíches",8582111,TORTA DE PRESUNTO E QUEIJO
16,"Pizzas, salgados e sanduíches",8582112,TORTA DE QUEIJO / RICOTA
16,"Pizzas, salgados e sanduíches",8500342,SANDUICHE DE FILE
16,"Pizzas, salgados e sanduíches",7802905,NUGGET RECHEADO
16,"Pizzas, salgados e sanduíches",8500232,BOLINHO DE BACALHAU
16,"Pizzas, salgados e sanduíches",8500304,CHEESBURGUER
16,"Pizzas, salgados e sanduíches",8500928,PIZZA DE LOMBINHO DEFUMADO
16,"Pizzas, salgados e sanduíches",8500924,PIZZA DE PEPPERONI
16,"Pizzas, salgados e sanduíches",8500936,"PIZZA MARGUERITA (MUCARELA, TOMATE E MANJERICAO)"
16,"Pizzas, salgados e sanduíches",8500346,SANDUICHE DE CARNE DE PORCO
16,"Pizzas, salgados e sanduíches",8505508,TORTA DE BATATA COM FRANGO
16,"Pizzas, salgados e sanduíches",8500329,X-BURGUER
16,"Pizzas, salgados e sanduíches",8500209,ACARAJE
16,"Pizzas, salgados e sanduíches",8500322,CHEESE TUDO
16,"Pizzas, salgados e sanduíches",8500930,PIZZA NAPOLITANA
16,"Pizzas, salgados e sanduíches",8500344,SANDUICHE DE ROSBIFE
16,"Pizzas, salgados e sanduíches",8500357,WRAP FRANGO OU GALINHA
16,"Pizzas, salgados e sanduíches",8500359,X-EGG
16,"Pizzas, salgados e sanduíches",8500361,X-EGGCHEESEBACON
16,"Pizzas, salgados e sanduíches",8579090,CANAPE NAO ESPECIFICADO
16,"Pizzas, salgados e sanduíches",8505502,ESCONDIDINHO
16,"Pizzas, salgados e sanduíches",8505514,ESCONDIDINHO DE CAMARAO
16,"Pizzas, salgados e sanduíches",8505509,ESCONDIDINHO DE CARNE
16,"Pizzas, salgados e sanduíches",8579251,HARUMAKI DE PEIXE
16,"Pizzas, salgados e sanduíches",8579239,"QUICHE DE PEIXES (SALMAO, ATUM, SARDINHA ETC)"
16,"Pizzas, salgados e sanduíches",8579249,ROLINHO DE PRIMAVERA
16,"Pizzas, salgados e sanduíches",8500338,SANDUICHE DE ATUM
16,"Pizzas, salgados e sanduíches",8582107,TORTA DE BACALHAU
16,"Pizzas, salgados e sanduíches",8500358,WRAP DE CARNE
16,"Pizzas, salgados e sanduíches",8510202,X-FRANGO OU GALINHA
16,"Pizzas, salgados e sanduíches",7802906,"NUGGETS, OUTROS"
16,"Pizzas, salgados e sanduíches",8505510,BOLO DE AIPIM / MANDIOCA / MACAXERA COM CARNE
16,"Pizzas, salgados e sanduíches",8505513,ESCONDIDINHO DE BACALHAU
16,"Pizzas, salgados e sanduíches",8500935,PIZZA DE MUCARELA DE BUFALA E TOMATE SECO
16,"Pizzas, salgados e sanduíches",8500937,PIZZA VEGETARIANA
16,"Pizzas, salgados e sanduíches",8582104,TORTA DE CARNE E LEGUMES
16,"Pizzas, salgados e sanduíches",8500212,ABARA (BAHIA)
16,"Pizzas, salgados e sanduíches",8505803,CUSCUZ DE CAMARAO
16,"Pizzas, salgados e sanduíches",8500305,EGGSBURGUER
16,"Pizzas, salgados e sanduíches",8579238,QUICHE DE ALHO PORO
16,"Pizzas, salgados e sanduíches",8582201,TORTA CAPIXABA
16,"Pizzas, salgados e sanduíches",8582106,TORTA DE CARNE SECA
16,"Pizzas, salgados e sanduíches",8500330,X-CHEDDAR
16,"Pizzas, salgados e sanduíches",8579058,BOLO DE BATATA DOCE COM FRANGO OU GALINHA
16,"Pizzas, salgados e sanduíches",8500354,SANDUICHE DE SARDINHA
16,"Pizzas, salgados e sanduíches",8500345,PAO COM ROSBIFE
16,"Pizzas, salgados e sanduíches",8500321,CHEESE EGG
16,"Pizzas, salgados e sanduíches",8582101,TORTA CAIPIRA
16,"Pizzas, salgados e sanduíches",8500225,ESFIRRA DE RICOTA
16,"Pizzas, salgados e sanduíches",8582105,TORTA DE CARNE E QUEIJO
17,Sopas e caldos,8504501,"SOPA (LEGUMES, CARNE, ETC)"
17,Sopas e caldos,7801407,CANJA
17,Sopas e caldos,8504506,SOPA DE FEIJAO
17,Sopas e caldos,8504513,SOPA DE LEGUMES
17,Sopas e caldos,7007701,CALDO DE PEIXE
17,Sopas e caldos,8504517,SOPA / CALDO DE MANDIOCA / MANDIOQUINHA / BATATA BAR
17,Sopas e caldos,8504503,SOPA / CREME DE ABOBORA
17,Sopas e caldos,8504522,SOPA / CREME DE ERVILHA
17,Sopas e caldos,8581301,SOPA INSTANTANEA
17,Sopas e caldos,8507301,CALDO VERDE
17,Sopas e caldos,8504509,SOPA DE FRANGO COM LEGUMES
17,Sopas e caldos,8504519,SOPA DE LEGUMES MACARRAO E CARNE
17,Sopas e caldos,8503202,CALDO DE CARNE
17,Sopas e caldos,8503203,CALDO DE FEIJAO
17,Sopas e caldos,8503204,CALDO DE MOCOTO
17,Sopas e caldos,8504507,SOPA DE FEIJAO COM MACARRAO
17,Sopas e caldos,8504521,SOPA DE TOMATE
17,Sopas e caldos,8504504,SOPA / CALDO DE CAMARAO
17,Sopas e caldos,8504510,SOPA DE FUBA
17,Sopas e caldos,8502401,TACACA
17,Sopas e caldos,8504511,SOPA DE FUBA COM COUVE / LEGUMES
17,Sopas e caldos,7007101,TUCUPI EM CALDO
17,Sopas e caldos,8579191,MISSOSHIRO
17,Sopas e caldos,8504515,SOPA DE ENTULHO
18,Suplementos,6906502,CONCENTRADO ALIMENTAR DIET SHAKE
18,Suplementos,6580001,SUPLEMENTO PROTEICO E OUTROS
18,Suplementos,6505102,"NUTREN, ENSURE, SUSTEN"
18,Suplementos,6906501,DIET SHAKE
18,Suplementos,6580101,"VITAMINAS, MINERAIS E OUTROS"
18,Suplementos,6505701,COMPLEMENTO ALIMENTAR DE QUALQUER SABOR
18,Suplementos,6906503,HERBALIFE
18,Suplementos,6505101,SUSTAGEM
19,Molhos e condimentos,7001501,MOSTARDA MOLHO
19,Molhos e condimentos,7004802,KETCHUP
19,Molhos e condimentos,7001001,CANELA
19,Molhos e condimentos,7003604,SHOYO
19,Molhos e condimentos,7006101,PIMENTA EM PO
19,Molhos e condimentos,7004803,CATCHUP
19,Molhos e condimentos,7004801,MOLHO DE TOMATE
19,Molhos e condimentos,7080301,MOLHO PARA SALADA
19,Molhos e condimentos,7080101,SAL
19,Molhos e condimentos,7080001,VINAGRE
19,Molhos e condimentos,7003901,MOLHO TARTARO
20,Preparações mistas,8579043,BATATA RECHEADA
20,Preparações mistas,8500802,SALADA DE MAIONESE
20,Preparações mistas,8504801,SALPICAO
20,Preparações mistas,8273902,CAFE COM FARINHA
20,Preparações mistas,8579192,MOUSSE DE CAMARAO
20,Preparações mistas,8580001,PRATO FEITO
20,Preparações mistas,8581101,CAFE COM BOLO/ BISCOITO/ BOLACHA
20,Preparações mistas,8581001,CAFE COM PAO
20,Preparações mistas,7007502,CREME DE QUEIJO
20,Preparações mistas,8580201,CUSCUZ DE ARROZ
20,Preparações mistas,8580101,MEXIDO
20,Preparações mistas,8507503,POLENTA COM CARNE MOIDA E TOMATE
20,Preparações mistas,8507502,ANGU COM CARNE MOIDA E TOMATE
20,Preparações mistas,8505701,"CARURU (QUIABO, AMENDOIM, CASTANHA DE CAJU, CAMARAO"
20,Preparações mistas,8581201,LEITE COM PAO OU BISCOITO/ BOLACHA
20,Preparações mistas,8510901,SALADA DE BACALHAU COM BATATAS
20,Preparações mistas,7702101,COZIDO
20,Preparações mistas,8579224,PIMENTAO RECHEADO
20,Preparações mistas,8579232,"SUFLE DE LEGUMES (CHUCHU, CENOURA, ALHO-PORO)"
20,Preparações mistas,8579047,BERINJELA / BERINGELA RECHEADA COM LEGUMES E QUEIJO
20,Preparações mistas,8579132,CREME DE ESPINAFRE
20,Preparações mistas,8579272,SUFLE DE FRANGO OU GALINHA
20,Preparações mistas,8507501,ANGU A BAIANA
20,Preparações mistas,8579042,BATATA COM MOLHO BRANCO E QUEIJO
20,Preparações mistas,8579048,BERINJELA / BERINGELA RECHEADA COM CARNE MOIDA
20,Preparações mistas,8579171,LEGUMES RECHEADOS COM CARNE
20,Preparações mistas,8510801,SALADA DE ATUM
20,Preparações mistas,8506901,SUFLE
20,Preparações mistas,8579269,SUFLE DE BACALHAU
20,Preparações mistas,8579202,PACOCA DE PINHAO
20,Preparações mistas,8510902,SALADA DE BATATA E ATUM
20,Preparações mistas,8582001,MAIONESE DE CAMARAO
